Dorian, Hübner
Leon, Kreis
Jonas,Kenke
Dorian, Hübner
Leon, Kreis
Jonas,Kenke
Dorian, Hübner
Leon, Kreis
Jonas,Kenke
Dorian, Hübner
Leon, Kreis
Jonas,Kenke
Dorian, Hübner
Leon, Kreis
Jonas,Kenke
Dorian, Hübner
Leon, Kreis
Jonas,Kenke
Dorian, Hübner
Leon, Kreis
Jonas,Kenke
Dorian, Hübner
Leon, Kreis
Jonas,Kenke
Dorian, Hübner
Leon, Kreis
Jonas,Kenke
Dorian, Hübner
Leon, Kreis
Jonas,Kenke
Dorian, Hübner
Leon, Kreis
Jonas,Kenke
Dorian, Hübner
Leon, Kreis
Jonas,Kenke
Dorian, Hübner
Leon, Kreis
Jonas,Kenke
Dorian, Hübner
Leon, Kreis
Jonas,Kenke
Dorian, Hübner
Leon, Kreis
Jonas,Kenke
Dorian, Hübner
Leon, Kreis
Jonas,Kenke
Dorian, Hübner
Leon, Kreis
Jonas,Kenke
Dorian, Hübner
Leon, Kreis
Jonas,Kenke
Dorian, Hübner
Leon, Kreis
Jonas,Kenke
Dorian, Hübner
Leon, Kreis
Jonas,Kenke
Dorian, Hübner
Leon, Kreis
Jonas,Kenke
Dorian, Hübner
Leon, Kreis
Jonas,Kenke
Dorian, Hübner
Leon, Kreis
Jonas,Kenke
Dorian, Hübner
Leon, Kreis
Jonas,Kenke
Dorian, Hübner
Leon, Kreis
Jonas,Kenke
Dorian, Hübner
Leon, Kreis
Jonas,Kenke
Dorian, Hübner
Leon, Kreis
Jonas,Kenke
Dorian, Hübner
Leon, Kreis
Jonas,Kenke
Dorian, Hübner
Leon, Kreis
Jonas,Kenke
Dorian, Hübner
Leon, Kreis
Jonas,Kenke
Dorian, Hübner
Leon, Kreis
Jonas,Kenke
Dorian, Hübner
Leon, Kreis
Jonas,Kenke
Dorian, Hübner
Leon, Kreis
Jonas,Kenke
Dorian, Hübner
Leon, Kreis
Jonas,Kenke
Dorian, Hübner
Leon, Kreis
Jonas,Kenke
Dorian, Hübner
Leon, Kreis
Jonas,Kenke
Dorian, Hübner
Leon, Kreis
Jonas,Kenke
Dorian, Hübner
Leon, Kreis
Jonas,Kenke
Dorian, Hübner
Leon, Kreis
Jonas,Kenke
Dorian, Hübner
Leon, Kreis
Jonas,Kenke
Dorian, Hübner
Leon, Kreis
Jonas,Kenke
Dorian, Hübner
Leon, Kreis
Jonas,Kenke
Dorian, Hübner
Leon, Kreis
Jonas,Kenke
Dorian, Hübner
Leon, Kreis
Jonas,Kenke
Dorian, Hübner
Leon, Kreis
Jonas,Kenke
Dorian, Hübner
Leon, Kreis
Jonas,Kenke
Dorian, Hübner
Leon, Kreis
Jonas,Kenke
Dorian, Hübner
Leon, Kreis
Jonas,Kenke
Dorian, Hübner
Leon, Kreis
Jonas,Kenke
Dorian, Hübner
Leon, Kreis
Jonas,Kenke
Dorian, Hübner
Leon, Kreis
Jonas,Kenke
Dorian, Hübner
Leon, Kreis
Jonas,Kenke
Dorian, Hübner
Leon, Kreis
Jonas,Kenke
Dorian, Hübner
Leon, Kreis
Jonas,Kenke
Dorian, Hübner
Leon, Kreis
Jonas,Kenke
Dorian, Hübner
Leon, Kreis
Jonas,Kenke
Dorian, Hübner
Leon, Kreis
Jonas,Kenke
Dorian, Hübner
Leon, Kreis
Jonas,Kenke
Dorian, Hübner
Leon, Kreis
Jonas,Kenke
Dorian, Hübner
Leon, Kreis
Jonas,Kenke
Dorian, Hübner
Leon, Kreis
Jonas,Kenke
Dorian, Hübner
Leon, Kreis
Jonas,Kenke
Dorian, Hübner
Leon, Kreis
Jonas,Kenke
Dorian, Hübner
Leon, Kreis
Jonas,Kenke
Dorian, Hübner
Leon, Kreis
Jonas,Kenke
Dorian, Hübner
Leon, Kreis
Jonas,Kenke
Dorian, Hübner
Leon, Kreis
Jonas,Kenke
Dorian, Hübner
Leon, Kreis
Jonas,Kenke
Dorian, Hübner
Leon, Kreis
Jonas,Kenke
Dorian, Hübner
Leon, Kreis
Jonas,Kenke
Dorian, Hübner
Leon, Kreis
Jonas,Kenke
Dorian, Hübner
Leon, Kreis
Jonas,Kenke
Dorian, Hübner
Leon, Kreis
Jonas,Kenke
Dorian, Hübner
Leon, Kreis
Jonas,Kenke
Dorian, Hübner
Leon, Kreis
Jonas,Kenke
Dorian, Hübner
Leon, Kreis
Jonas,Kenke
Dorian, Hübner
Leon, Kreis
Jonas,Kenke
Dorian, Hübner
Leon, Kreis
Jonas,Kenke
Dorian, Hübner
Leon, Kreis
Jonas,Kenke
Dorian, Hübner
Leon, Kreis
Jonas,Kenke
Dorian, Hübner
Leon, Kreis
Jonas,Kenke
Dorian, Hübner
Leon, Kreis
Jonas,Kenke
Dorian, Hübner
Leon, Kreis
Jonas,Kenke
Dorian, Hübner
Leon, Kreis
Jonas,Kenke
Dorian, Hübner
Leon, Kreis
Jonas,Kenke
Dorian, Hübner
Leon, Kreis
Jonas,Kenke
Dorian, Hübner
Leon, Kreis
Jonas,Kenke
Dorian, Hübner
Leon, Kreis
Jonas,Kenke
Dorian, Hübner
Leon, Kreis
Jonas,Kenke
Dorian, Hübner
Leon, Kreis
Jonas,Kenke
Dorian, Hübner
Leon, Kreis
Jonas,Kenke
Dorian, Hübner
Leon, Kreis
Jonas,Kenke
Dorian, Hübner
Leon, Kreis
Jonas,Kenke
Dorian, Hübner
Leon, Kreis
Jonas,Kenke
Dorian, Hübner
Leon, Kreis
Jonas,Kenke
Dorian, Hübner
Leon, Kreis
Jonas,Kenke
Dorian, Hübner
Leon, Kreis
Jonas,Kenke
Dorian, Hübner
Leon, Kreis
Jonas,Kenke
Dorian, Hübner
Leon, Kreis
Jonas,Kenke
Dorian, Hübner
Leon, Kreis
Jonas,Kenke
Dorian, Hübner
Leon, Kreis
Jonas,Kenke
Dorian, Hübner
Leon, Kreis
Jonas,Kenke
Dorian, Hübner
Leon, Kreis
Jonas,Kenke
Dorian, Hübner
Leon, Kreis
Jonas,Kenke
Dorian, Hübner
Leon, Kreis
Jonas,Kenke
Dorian, Hübner
Leon, Kreis
Jonas,Kenke
Dorian, Hübner
Leon, Kreis
Jonas,Kenke
Dorian, Hübner
Leon, Kreis
Jonas,Kenke
Dorian, Hübner
Leon, Kreis
Jonas,Kenke
Dorian, Hübner
Leon, Kreis
Jonas,Kenke
Dorian, Hübner
Leon, Kreis
Jonas,Kenke
Dorian, Hübner
Leon, Kreis
Jonas,Kenke
Dorian, Hübner
Leon, Kreis
Jonas,Kenke
Dorian, Hübner
Leon, Kreis
Jonas,Kenke
Dorian, Hübner
Leon, Kreis
Jonas,Kenke
Dorian, Hübner
Leon, Kreis
Jonas,Kenke
Dorian, Hübner
Leon, Kreis
Jonas,Kenke
Dorian, Hübner
Leon, Kreis
Jonas,Kenke
Dorian, Hübner
Leon, Kreis
Jonas,Kenke
Dorian, Hübner
Leon, Kreis
Jonas,Kenke
Dorian, Hübner
Leon, Kreis
Jonas,Kenke
Dorian, Hübner
Leon, Kreis
Jonas,Kenke
Dorian, Hübner
Leon, Kreis
Jonas,Kenke
Dorian, Hübner
Leon, Kreis
Jonas,Kenke
Dorian, Hübner
Leon, Kreis
Jonas,Kenke
Dorian, Hübner
Leon, Kreis
Jonas,Kenke
Dorian, Hübner
Leon, Kreis
Jonas,Kenke
Dorian, Hübner
Leon, Kreis
Jonas,Kenke
Dorian, Hübner
Leon, Kreis
Jonas,Kenke
Dorian, Hübner
Leon, Kreis
Jonas,Kenke
Dorian, Hübner
Leon, Kreis
Jonas,Kenke
Dorian, Hübner
Leon, Kreis
Jonas,Kenke
Dorian, Hübner
Leon, Kreis
Jonas,Kenke
Dorian, Hübner
Leon, Kreis
Jonas,Kenke
Dorian, Hübner
Leon, Kreis
Jonas,Kenke
Dorian, Hübner
Leon, Kreis
Jonas,Kenke
Dorian, Hübner
Leon, Kreis
Jonas,Kenke
Dorian, Hübner
Leon, Kreis
Jonas,Kenke
Dorian, Hübner
Leon, Kreis
Jonas,Kenke
Dorian, Hübner
Leon, Kreis
Jonas,Kenke
Dorian, Hübner
Leon, Kreis
Jonas,Kenke
Dorian, Hübner
Leon, Kreis
Jonas,Kenke
Dorian, Hübner
Leon, Kreis
Jonas,Kenke
Dorian, Hübner
Leon, Kreis
Jonas,Kenke
Dorian, Hübner
Leon, Kreis
Jonas,Kenke
Dorian, Hübner
Leon, Kreis
Jonas,Kenke
Dorian, Hübner
Leon, Kreis
Jonas,Kenke
Dorian, Hübner
Leon, Kreis
Jonas,Kenke
Dorian, Hübner
Leon, Kreis
Jonas,Kenke
Dorian, Hübner
Leon, Kreis
Jonas,Kenke
Dorian, Hübner
Leon, Kreis
Jonas,Kenke
Dorian, Hübner
Leon, Kreis
Jonas,Kenke
Dorian, Hübner
Leon, Kreis
Jonas,Kenke
Dorian, Hübner
Leon, Kreis
Jonas,Kenke
Dorian, Hübner
Leon, Kreis
Jonas,Kenke
Dorian, Hübner
Leon, Kreis
Jonas,Kenke
Dorian, Hübner
Leon, Kreis
Jonas,Kenke
Dorian, Hübner
Leon, Kreis
Jonas,Kenke
Dorian, Hübner
Leon, Kreis
Jonas,Kenke
Dorian, Hübner
Leon, Kreis
Jonas,Kenke
Dorian, Hübner
Leon, Kreis
Jonas,Kenke
Dorian, Hübner
Leon, Kreis
Jonas,Kenke
Dorian, Hübner
Leon, Kreis
Jonas,Kenke
Dorian, Hübner
Leon, Kreis
Jonas,Kenke
Dorian, Hübner
Leon, Kreis
Jonas,Kenke
Dorian, Hübner
Leon, Kreis
Jonas,Kenke
Dorian, Hübner
Leon, Kreis
Jonas,Kenke
Dorian, Hübner
Leon, Kreis
Jonas,Kenke
Dorian, Hübner
Leon, Kreis
Jonas,Kenke
Dorian, Hübner
Leon, Kreis
Jonas,Kenke
Dorian, Hübner
Leon, Kreis
Jonas,Kenke
Dorian, Hübner
Leon, Kreis
Jonas,Kenke
Dorian, Hübner
Leon, Kreis
Jonas,Kenke
Dorian, Hübner
Leon, Kreis
Jonas,Kenke
Dorian, Hübner
Leon, Kreis
Jonas,Kenke
Dorian, Hübner
Leon, Kreis
Jonas,Kenke
Dorian, Hübner
Leon, Kreis
Jonas,Kenke
Dorian, Hübner
Leon, Kreis
Jonas,Kenke
Dorian, Hübner
Leon, Kreis
Jonas,Kenke
Dorian, Hübner
Leon, Kreis
Jonas,Kenke
Dorian, Hübner
Leon, Kreis
Jonas,Kenke
Dorian, Hübner
Leon, Kreis
Jonas,Kenke
Dorian, Hübner
Leon, Kreis
Jonas,Kenke
Dorian, Hübner
Leon, Kreis
Jonas,Kenke
Dorian, Hübner
Leon, Kreis
Jonas,Kenke
Dorian, Hübner
Leon, Kreis
Jonas,Kenke
Dorian, Hübner
Leon, Kreis
Jonas,Kenke
Dorian, Hübner
Leon, Kreis
Jonas,Kenke
Dorian, Hübner
Leon, Kreis
Jonas,Kenke
Dorian, Hübner
Leon, Kreis
Jonas,Kenke
Dorian, Hübner
Leon, Kreis
Jonas,Kenke
Dorian, Hübner
Leon, Kreis
Jonas,Kenke
Dorian, Hübner
Leon, Kreis
Jonas,Kenke
Dorian, Hübner
Leon, Kreis
Jonas,Kenke
Dorian, Hübner
Leon, Kreis
Jonas,Kenke
Dorian, Hübner
Leon, Kreis
Jonas,Kenke
Dorian, Hübner
Leon, Kreis
Jonas,Kenke
Dorian, Hübner
Leon, Kreis
Jonas,Kenke
Dorian, Hübner
Leon, Kreis
Jonas,Kenke
Dorian, Hübner
Leon, Kreis
Jonas,Kenke
Dorian, Hübner
Leon, Kreis
Jonas,Kenke
Dorian, Hübner
Leon, Kreis
Jonas,Kenke
Dorian, Hübner
Leon, Kreis
Jonas,Kenke
Dorian, Hübner
Leon, Kreis
Jonas,Kenke
Dorian, Hübner
Leon, Kreis
Jonas,Kenke
Dorian, Hübner
Leon, Kreis
Jonas,Kenke
Dorian, Hübner
Leon, Kreis
Jonas,Kenke
Dorian, Hübner
Leon, Kreis
Jonas,Kenke
Dorian, Hübner
Leon, Kreis
Jonas,Kenke
Dorian, Hübner
Leon, Kreis
Jonas,Kenke
Dorian, Hübner
Leon, Kreis
Jonas,Kenke
Dorian, Hübner
Leon, Kreis
Jonas,Kenke
Dorian, Hübner
Leon, Kreis
Jonas,Kenke
Dorian, Hübner
Leon, Kreis
Jonas,Kenke
Dorian, Hübner
Leon, Kreis
Jonas,Kenke
Dorian, Hübner
Leon, Kreis
Jonas,Kenke
Dorian, Hübner
Leon, Kreis
Jonas,Kenke
Dorian, Hübner
Leon, Kreis
Jonas,Kenke
Dorian, Hübner
Leon, Kreis
Jonas,Kenke
Dorian, Hübner
Leon, Kreis
Jonas,Kenke
Dorian, Hübner
Leon, Kreis
Jonas,Kenke
Dorian, Hübner
Leon, Kreis
Jonas,Kenke
Dorian, Hübner
Leon, Kreis
Jonas,Kenke
Dorian, Hübner
Leon, Kreis
Jonas,Kenke
Dorian, Hübner
Leon, Kreis
Jonas,Kenke
Dorian, Hübner
Leon, Kreis
Jonas,Kenke
Dorian, Hübner
Leon, Kreis
Jonas,Kenke
Dorian, Hübner
Leon, Kreis
Jonas,Kenke
Dorian, Hübner
Leon, Kreis
Jonas,Kenke
Dorian, Hübner
Leon, Kreis
Jonas,Kenke
Dorian, Hübner
Leon, Kreis
Jonas,Kenke
Dorian, Hübner
Leon, Kreis
Jonas,Kenke
Dorian, Hübner
Leon, Kreis
Jonas,Kenke
Dorian, Hübner
Leon, Kreis
Jonas,Kenke
Dorian, Hübner
Leon, Kreis
Jonas,Kenke
Dorian, Hübner
Leon, Kreis
Jonas,Kenke
Dorian, Hübner
Leon, Kreis
Jonas,Kenke
Dorian, Hübner
Leon, Kreis
Jonas,Kenke
Dorian, Hübner
Leon, Kreis
Jonas,Kenke
Dorian, Hübner
Leon, Kreis
Jonas,Kenke
Dorian, Hübner
Leon, Kreis
Jonas,Kenke
Dorian, Hübner
Leon, Kreis
Jonas,Kenke
Dorian, Hübner
Leon, Kreis
Jonas,Kenke
Dorian, Hübner
Leon, Kreis
Jonas,Kenke
Dorian, Hübner
Leon, Kreis
Jonas,Kenke
Dorian, Hübner
Leon, Kreis
Jonas,Kenke
Dorian, Hübner
Leon, Kreis
Jonas,Kenke
Dorian, Hübner
Leon, Kreis
Jonas,Kenke
Dorian, Hübner
Leon, Kreis
Jonas,Kenke
Dorian, Hübner
Leon, Kreis
Jonas,Kenke
Dorian, Hübner
Leon, Kreis
Jonas,Kenke
Dorian, Hübner
Leon, Kreis
Jonas,Kenke
Dorian, Hübner
Leon, Kreis
Jonas,Kenke
Dorian, Hübner
Leon, Kreis
Jonas,Kenke
Dorian, Hübner
Leon, Kreis
Jonas,Kenke
Dorian, Hübner
Leon, Kreis
Jonas,Kenke
Dorian, Hübner
Leon, Kreis
Jonas,Kenke
Dorian, Hübner
Leon, Kreis
Jonas,Kenke
Dorian, Hübner
Leon, Kreis
Jonas,Kenke
Dorian, Hübner
Leon, Kreis
Jonas,Kenke
Dorian, Hübner
Leon, Kreis
Jonas,Kenke
Dorian, Hübner
Leon, Kreis
Jonas,Kenke
Dorian, Hübner
Leon, Kreis
Jonas,Kenke
Dorian, Hübner
Leon, Kreis
Jonas,Kenke
Dorian, Hübner
Leon, Kreis
Jonas,Kenke
Dorian, Hübner
Leon, Kreis
Jonas,Kenke
Dorian, Hübner
Leon, Kreis
Jonas,Kenke
Dorian, Hübner
Leon, Kreis
Jonas,Kenke
Dorian, Hübner
Leon, Kreis
Jonas,Kenke
Dorian, Hübner
Leon, Kreis
Jonas,Kenke
Dorian, Hübner
Leon, Kreis
Jonas,Kenke
Dorian, Hübner
Leon, Kreis
Jonas,Kenke
Dorian, Hübner
Leon, Kreis
Jonas,Kenke
Dorian, Hübner
Leon, Kreis
Jonas,Kenke
Dorian, Hübner
Leon, Kreis
Jonas,Kenke
Dorian, Hübner
Leon, Kreis
Jonas,Kenke
Dorian, Hübner
Leon, Kreis
Jonas,Kenke
Dorian, Hübner
Leon, Kreis
Jonas,Kenke
Dorian, Hübner
Leon, Kreis
Jonas,Kenke
Dorian, Hübner
Leon, Kreis
Jonas,Kenke
Dorian, Hübner
Leon, Kreis
Jonas,Kenke
Dorian, Hübner
Leon, Kreis
Jonas,Kenke
Dorian, Hübner
Leon, Kreis
Jonas,Kenke
Dorian, Hübner
Leon, Kreis
Jonas,Kenke
Dorian, Hübner
Leon, Kreis
Jonas,Kenke
Dorian, Hübner
Leon, Kreis
Jonas,Kenke
Dorian, Hübner
Leon, Kreis
Jonas,Kenke
Dorian, Hübner
Leon, Kreis
Jonas,Kenke
Dorian, Hübner
Leon, Kreis
Jonas,Kenke
Dorian, Hübner
Leon, Kreis
Jonas,Kenke
Dorian, Hübner
Leon, Kreis
Jonas,Kenke
Dorian, Hübner
Leon, Kreis
Jonas,Kenke
Dorian, Hübner
Leon, Kreis
Jonas,Kenke
Dorian, Hübner
Leon, Kreis
Jonas,Kenke
Dorian, Hübner
Leon, Kreis
Jonas,Kenke
Dorian, Hübner
Leon, Kreis
Jonas,Kenke
Dorian, Hübner
Leon, Kreis
Jonas,Kenke
Dorian, Hübner
Leon, Kreis
Jonas,Kenke
Dorian, Hübner
Leon, Kreis
Jonas,Kenke
Dorian, Hübner
Leon, Kreis
Jonas,Kenke
Dorian, Hübner
Leon, Kreis
Jonas,Kenke
Dorian, Hübner
Leon, Kreis
Jonas,Kenke
Dorian, Hübner
Leon, Kreis
Jonas,Kenke
Dorian, Hübner
Leon, Kreis
Jonas,Kenke
Dorian, Hübner
Leon, Kreis
Jonas,Kenke
Dorian, Hübner
Leon, Kreis
Jonas,Kenke
Dorian, Hübner
Leon, Kreis
Jonas,Kenke
Dorian, Hübner
Leon, Kreis
Jonas,Kenke
Dorian, Hübner
Leon, Kreis
Jonas,Kenke
Dorian, Hübner
Leon, Kreis
Jonas,Kenke
Dorian, Hübner
Leon, Kreis
Jonas,Kenke
Dorian, Hübner
Leon, Kreis
Jonas,Kenke
Dorian, Hübner
Leon, Kreis
Jonas,Kenke
Dorian, Hübner
Leon, Kreis
Jonas,Kenke
Dorian, Hübner
Leon, Kreis
Jonas,Kenke
Dorian, Hübner
Leon, Kreis
Jonas,Kenke
Dorian, Hübner
Leon, Kreis
Jonas,Kenke
Dorian, Hübner
Leon, Kreis
Jonas,Kenke
Dorian, Hübner
Leon, Kreis
Jonas,Kenke
Dorian, Hübner
Leon, Kreis
Jonas,Kenke
Dorian, Hübner
Leon, Kreis
Jonas,Kenke
Dorian, Hübner
Leon, Kreis
Jonas,Kenke
Dorian, Hübner
Leon, Kreis
Jonas,Kenke
Dorian, Hübner
Leon, Kreis
Jonas,Kenke
Dorian, Hübner
Leon, Kreis
Jonas,Kenke
Dorian, Hübner
Leon, Kreis
Jonas,Kenke
Dorian, Hübner
Leon, Kreis
Jonas,Kenke
Dorian, Hübner
Leon, Kreis
Jonas,Kenke
Dorian, Hübner
Leon, Kreis
Jonas,Kenke
Dorian, Hübner
Leon, Kreis
Jonas,Kenke
Dorian, Hübner
Leon, Kreis
Jonas,Kenke
Dorian, Hübner
Leon, Kreis
Jonas,Kenke
Dorian, Hübner
Leon, Kreis
Jonas,Kenke
Dorian, Hübner
Leon, Kreis
Jonas,Kenke
Dorian, Hübner
Leon, Kreis
Jonas,Kenke
Dorian, Hübner
Leon, Kreis
Jonas,Kenke
Dorian, Hübner
Leon, Kreis
Jonas,Kenke
Dorian, Hübner
Leon, Kreis
Jonas,Kenke
Dorian, Hübner
Leon, Kreis
Jonas,Kenke
Dorian, Hübner
Leon, Kreis
Jonas,Kenke
Dorian, Hübner
Leon, Kreis
Jonas,Kenke
Dorian, Hübner
Leon, Kreis
Jonas,Kenke
Dorian, Hübner
Leon, Kreis
Jonas,Kenke
Dorian, Hübner
Leon, Kreis
Jonas,Kenke
Dorian, Hübner
Leon, Kreis
Jonas,Kenke
Dorian, Hübner
Leon, Kreis
Jonas,Kenke
Dorian, Hübner
Leon, Kreis
Jonas,Kenke
Dorian, Hübner
Leon, Kreis
Jonas,Kenke
Dorian, Hübner
Leon, Kreis
Jonas,Kenke
Dorian, Hübner
Leon, Kreis
Jonas,Kenke
Dorian, Hübner
Leon, Kreis
Jonas,Kenke
Dorian, Hübner
Leon, Kreis
Jonas,Kenke
Dorian, Hübner
Leon, Kreis
Jonas,Kenke
Dorian, Hübner
Leon, Kreis
Jonas,Kenke
Dorian, Hübner
Leon, Kreis
Jonas,Kenke
Dorian, Hübner
Leon, Kreis
Jonas,Kenke
Dorian, Hübner
Leon, Kreis
Jonas,Kenke
Dorian, Hübner
Leon, Kreis
Jonas,Kenke
Dorian, Hübner
Leon, Kreis
Jonas,Kenke
Dorian, Hübner
Leon, Kreis
Jonas,Kenke
Dorian, Hübner
Leon, Kreis
Jonas,Kenke
Dorian, Hübner
Leon, Kreis
Jonas,Kenke
Dorian, Hübner
Leon, Kreis
Jonas,Kenke
Dorian, Hübner
Leon, Kreis
Jonas,Kenke
Dorian, Hübner
Leon, Kreis
Jonas,Kenke
Dorian, Hübner
Leon, Kreis
Jonas,Kenke
Dorian, Hübner
Leon, Kreis
Jonas,Kenke
Dorian, Hübner
Leon, Kreis
Jonas,Kenke
Dorian, Hübner
Leon, Kreis
Jonas,Kenke
Dorian, Hübner
Leon, Kreis
Jonas,Kenke
Dorian, Hübner
Leon, Kreis
Jonas,Kenke
Dorian, Hübner
Leon, Kreis
Jonas,Kenke
Dorian, Hübner
Leon, Kreis
Jonas,Kenke
Dorian, Hübner
Leon, Kreis
Jonas,Kenke
Dorian, Hübner
Leon, Kreis
Jonas,Kenke
Dorian, Hübner
Leon, Kreis
Jonas,Kenke
Dorian, Hübner
Leon, Kreis
Jonas,Kenke
Dorian, Hübner
Leon, Kreis
Jonas,Kenke
Dorian, Hübner
Leon, Kreis
Jonas,Kenke
Dorian, Hübner
Leon, Kreis
Jonas,Kenke
Dorian, Hübner
Leon, Kreis
Jonas,Kenke
Dorian, Hübner
Leon, Kreis
Jonas,Kenke
Dorian, Hübner
Leon, Kreis
Jonas,Kenke
Dorian, Hübner
Leon, Kreis
Jonas,Kenke
Dorian, Hübner
Leon, Kreis
Jonas,Kenke
Dorian, Hübner
Leon, Kreis
Jonas,Kenke
Dorian, Hübner
Leon, Kreis
Jonas,Kenke
Dorian, Hübner
Leon, Kreis
Jonas,Kenke
Dorian, Hübner
Leon, Kreis
Jonas,Kenke
Dorian, Hübner
Leon, Kreis
Jonas,Kenke
Dorian, Hübner
Leon, Kreis
Jonas,Kenke
Dorian, Hübner
Leon, Kreis
Jonas,Kenke
Dorian, Hübner
Leon, Kreis
Jonas,Kenke
Dorian, Hübner
Leon, Kreis
Jonas,Kenke
Dorian, Hübner
Leon, Kreis
Jonas,Kenke
Dorian, Hübner
Leon, Kreis
Jonas,Kenke
Dorian, Hübner
Leon, Kreis
Jonas,Kenke
Dorian, Hübner
Leon, Kreis
Jonas,Kenke
Dorian, Hübner
Leon, Kreis
Jonas,Kenke
Dorian, Hübner
Leon, Kreis
Jonas,Kenke
Dorian, Hübner
Leon, Kreis
Jonas,Kenke
Dorian, Hübner
Leon, Kreis
Jonas,Kenke
Dorian, Hübner
Leon, Kreis
Jonas,Kenke
Dorian, Hübner
Leon, Kreis
Jonas,Kenke
Dorian, Hübner
Leon, Kreis
Jonas,Kenke
Dorian, Hübner
Leon, Kreis
Jonas,Kenke
Dorian, Hübner
Leon, Kreis
Jonas,Kenke
Dorian, Hübner
Leon, Kreis
Jonas,Kenke
Dorian, Hübner
Leon, Kreis
Jonas,Kenke
Dorian, Hübner
Leon, Kreis
Jonas,Kenke
Dorian, Hübner
Leon, Kreis
Jonas,Kenke
Dorian, Hübner
Leon, Kreis
Jonas,Kenke
Dorian, Hübner
Leon, Kreis
Jonas,Kenke
Dorian, Hübner
Leon, Kreis
Jonas,Kenke
Dorian, Hübner
Leon, Kreis
Jonas,Kenke
Dorian, Hübner
Leon, Kreis
Jonas,Kenke
Dorian, Hübner
Leon, Kreis
Jonas,Kenke
Dorian, Hübner
Leon, Kreis
Jonas,Kenke
Dorian, Hübner
Leon, Kreis
Jonas,Kenke
Dorian, Hübner
Leon, Kreis
Jonas,Kenke
Dorian, Hübner
Leon, Kreis
Jonas,Kenke
Dorian, Hübner
Leon, Kreis
Jonas,Kenke
Dorian, Hübner
Leon, Kreis
Jonas,Kenke
Dorian, Hübner
Leon, Kreis
Jonas,Kenke
Dorian, Hübner
Leon, Kreis
Jonas,Kenke
Dorian, Hübner
Leon, Kreis
Jonas,Kenke
Dorian, Hübner
Leon, Kreis
Jonas,Kenke
Dorian, Hübner
Leon, Kreis
Jonas,Kenke
Dorian, Hübner
Leon, Kreis
Jonas,Kenke
Dorian, Hübner
Leon, Kreis
Jonas,Kenke
Dorian, Hübner
Leon, Kreis
Jonas,Kenke
Dorian, Hübner
Leon, Kreis
Jonas,Kenke
Dorian, Hübner
Leon, Kreis
Jonas,Kenke
Dorian, Hübner
Leon, Kreis
Jonas,Kenke
Dorian, Hübner
Leon, Kreis
Jonas,Kenke
Dorian, Hübner
Leon, Kreis
Jonas,Kenke
Dorian, Hübner
Leon, Kreis
Jonas,Kenke
Dorian, Hübner
Leon, Kreis
Jonas,Kenke
Dorian, Hübner
Leon, Kreis
Jonas,Kenke
Dorian, Hübner
Leon, Kreis
Jonas,Kenke
Dorian, Hübner
Leon, Kreis
Jonas,Kenke
Dorian, Hübner
Leon, Kreis
Jonas,Kenke
Dorian, Hübner
Leon, Kreis
Jonas,Kenke
Dorian, Hübner
Leon, Kreis
Jonas,Kenke
Dorian, Hübner
Leon, Kreis
Jonas,Kenke
Dorian, Hübner
Leon, Kreis
Jonas,Kenke
Dorian, Hübner
Leon, Kreis
Jonas,Kenke
Dorian, Hübner
Leon, Kreis
Jonas,Kenke
Dorian, Hübner
Leon, Kreis
Jonas,Kenke
Dorian, Hübner
Leon, Kreis
Jonas,Kenke
Dorian, Hübner
Leon, Kreis
Jonas,Kenke
Dorian, Hübner
Leon, Kreis
Jonas,Kenke
Dorian, Hübner
Leon, Kreis
Jonas,Kenke
Dorian, Hübner
Leon, Kreis
Jonas,Kenke
Dorian, Hübner
Leon, Kreis
Jonas,Kenke
Dorian, Hübner
Leon, Kreis
Jonas,Kenke
Dorian, Hübner
Leon, Kreis
Jonas,Kenke
Dorian, Hübner
Leon, Kreis
Jonas,Kenke
Dorian, Hübner
Leon, Kreis
Jonas,Kenke
Dorian, Hübner
Leon, Kreis
Jonas,Kenke
Dorian, Hübner
Leon, Kreis
Jonas,Kenke
Dorian, Hübner
Leon, Kreis
Jonas,Kenke
Dorian, Hübner
Leon, Kreis
Jonas,Kenke
Dorian, Hübner
Leon, Kreis
Jonas,Kenke
Dorian, Hübner
Leon, Kreis
Jonas,Kenke
Dorian, Hübner
Leon, Kreis
Jonas,Kenke
Dorian, Hübner
Leon, Kreis
Jonas,Kenke
Dorian, Hübner
Leon, Kreis
Jonas,Kenke
Dorian, Hübner
Leon, Kreis
Jonas,Kenke
Dorian, Hübner
Leon, Kreis
Jonas,Kenke
Dorian, Hübner
Leon, Kreis
Jonas,Kenke
Dorian, Hübner
Leon, Kreis
Jonas,Kenke
Dorian, Hübner
Leon, Kreis
Jonas,Kenke
Dorian, Hübner
Leon, Kreis
Jonas,Kenke
Dorian, Hübner
Leon, Kreis
Jonas,Kenke
Dorian, Hübner
Leon, Kreis
Jonas,Kenke
Dorian, Hübner
Leon, Kreis
Jonas,Kenke
Dorian, Hübner
Leon, Kreis
Jonas,Kenke
Dorian, Hübner
Leon, Kreis
Jonas,Kenke
Dorian, Hübner
Leon, Kreis
Jonas,Kenke
Dorian, Hübner
Leon, Kreis
Jonas,Kenke
Dorian, Hübner
Leon, Kreis
Jonas,Kenke
Dorian, Hübner
Leon, Kreis
Jonas,Kenke
Dorian, Hübner
Leon, Kreis
Jonas,Kenke
Dorian, Hübner
Leon, Kreis
Jonas,Kenke
Dorian, Hübner
Leon, Kreis
Jonas,Kenke
Dorian, Hübner
Leon, Kreis
Jonas,Kenke
Dorian, Hübner
Leon, Kreis
Jonas,Kenke
Dorian, Hübner
Leon, Kreis
Jonas,Kenke
Dorian, Hübner
Leon, Kreis
Jonas,Kenke
Dorian, Hübner
Leon, Kreis
Jonas,Kenke
Dorian, Hübner
Leon, Kreis
Jonas,Kenke
Dorian, Hübner
Leon, Kreis
Jonas,Kenke
Dorian, Hübner
Leon, Kreis
Jonas,Kenke
Dorian, Hübner
Leon, Kreis
Jonas,Kenke
Dorian, Hübner
Leon, Kreis
Jonas,Kenke
Dorian, Hübner
Leon, Kreis
Jonas,Kenke
Dorian, Hübner
Leon, Kreis
Jonas,Kenke
Dorian, Hübner
Leon, Kreis
Jonas,Kenke
Dorian, Hübner
Leon, Kreis
Jonas,Kenke
Dorian, Hübner
Leon, Kreis
Jonas,Kenke
Dorian, Hübner
Leon, Kreis
Jonas,Kenke
Dorian, Hübner
Leon, Kreis
Jonas,Kenke
Dorian, Hübner
Leon, Kreis
Jonas,Kenke
Dorian, Hübner
Leon, Kreis
Jonas,Kenke
Dorian, Hübner
Leon, Kreis
Jonas,Kenke
Dorian, Hübner
Leon, Kreis
Jonas,Kenke
Dorian, Hübner
Leon, Kreis
Jonas,Kenke
Dorian, Hübner
Leon, Kreis
Jonas,Kenke
Dorian, Hübner
Leon, Kreis
Jonas,Kenke
Dorian, Hübner
Leon, Kreis
Jonas,Kenke
Dorian, Hübner
Leon, Kreis
Jonas,Kenke
Dorian, Hübner
Leon, Kreis
Jonas,Kenke
Dorian, Hübner
Leon, Kreis
Jonas,Kenke
Dorian, Hübner
Leon, Kreis
Jonas,Kenke
Dorian, Hübner
Leon, Kreis
Jonas,Kenke
Dorian, Hübner
Leon, Kreis
Jonas,Kenke
Dorian, Hübner
Leon, Kreis
Jonas,Kenke
Dorian, Hübner
Leon, Kreis
Jonas,Kenke
Dorian, Hübner
Leon, Kreis
Jonas,Kenke
Dorian, Hübner
Leon, Kreis
Jonas,Kenke
Dorian, Hübner
Leon, Kreis
Jonas,Kenke
Dorian, Hübner
Leon, Kreis
Jonas,Kenke
Dorian, Hübner
Leon, Kreis
Jonas,Kenke
Dorian, Hübner
Leon, Kreis
Jonas,Kenke
Dorian, Hübner
Leon, Kreis
Jonas,Kenke
Dorian, Hübner
Leon, Kreis
Jonas,Kenke
Dorian, Hübner
Leon, Kreis
Jonas,Kenke
Dorian, Hübner
Leon, Kreis
Jonas,Kenke
Dorian, Hübner
Leon, Kreis
Jonas,Kenke
Dorian, Hübner
Leon, Kreis
Jonas,Kenke
Dorian, Hübner
Leon, Kreis
Jonas,Kenke
Dorian, Hübner
Leon, Kreis
Jonas,Kenke
Dorian, Hübner
Leon, Kreis
Jonas,Kenke
Dorian, Hübner
Leon, Kreis
Jonas,Kenke
Dorian, Hübner
Leon, Kreis
Jonas,Kenke
Dorian, Hübner
Leon, Kreis
Jonas,Kenke
Dorian, Hübner
Leon, Kreis
Jonas,Kenke
Dorian, Hübner
Leon, Kreis
Jonas,Kenke
Dorian, Hübner
Leon, Kreis
Jonas,Kenke
Dorian, Hübner
Leon, Kreis
Jonas,Kenke
Dorian, Hübner
Leon, Kreis
Jonas,Kenke
Dorian, Hübner
Leon, Kreis
Jonas,Kenke
Dorian, Hübner
Leon, Kreis
Jonas,Kenke
Dorian, Hübner
Leon, Kreis
Jonas,Kenke
Dorian, Hübner
Leon, Kreis
Jonas,Kenke
Dorian, Hübner
Leon, Kreis
Jonas,Kenke
Dorian, Hübner
Leon, Kreis
Jonas,Kenke
Dorian, Hübner
Leon, Kreis
Jonas,Kenke
Dorian, Hübner
Leon, Kreis
Jonas,Kenke
Dorian, Hübner
Leon, Kreis
Jonas,Kenke
Dorian, Hübner
Leon, Kreis
Jonas,Kenke
Dorian, Hübner
Leon, Kreis
Jonas,Kenke
Dorian, Hübner
Leon, Kreis
Jonas,Kenke
Dorian, Hübner
Leon, Kreis
Jonas,Kenke
Dorian, Hübner
Leon, Kreis
Jonas,Kenke
Dorian, Hübner
Leon, Kreis
Jonas,Kenke
Dorian, Hübner
Leon, Kreis
Jonas,Kenke
Dorian, Hübner
Leon, Kreis
Jonas,Kenke
Dorian, Hübner
Leon, Kreis
Jonas,Kenke
Dorian, Hübner
Leon, Kreis
Jonas,Kenke
Dorian, Hübner
Leon, Kreis
Jonas,Kenke
Dorian, Hübner
Leon, Kreis
Jonas,Kenke
Dorian, Hübner
Leon, Kreis
Jonas,Kenke
Dorian, Hübner
Leon, Kreis
Jonas,Kenke
Dorian, Hübner
Leon, Kreis
Jonas,Kenke
Dorian, Hübner
Leon, Kreis
Jonas,Kenke
Dorian, Hübner
Leon, Kreis
Jonas,Kenke
Dorian, Hübner
Leon, Kreis
Jonas,Kenke
Dorian, Hübner
Leon, Kreis
Jonas,Kenke
Dorian, Hübner
Leon, Kreis
Jonas,Kenke
Dorian, Hübner
Leon, Kreis
Jonas,Kenke
Dorian, Hübner
Leon, Kreis
Jonas,Kenke
Dorian, Hübner
Leon, Kreis
Jonas,Kenke
Dorian, Hübner
Leon, Kreis
Jonas,Kenke
Dorian, Hübner
Leon, Kreis
Jonas,Kenke
Dorian, Hübner
Leon, Kreis
Jonas,Kenke
Dorian, Hübner
Leon, Kreis
Jonas,Kenke
Dorian, Hübner
Leon, Kreis
Jonas,Kenke
Dorian, Hübner
Leon, Kreis
Jonas,Kenke
Dorian, Hübner
Leon, Kreis
Jonas,Kenke
Dorian, Hübner
Leon, Kreis
Jonas,Kenke
Dorian, Hübner
Leon, Kreis
Jonas,Kenke
Dorian, Hübner
Leon, Kreis
Jonas,Kenke
Dorian, Hübner
Leon, Kreis
Jonas,Kenke
Dorian, Hübner
Leon, Kreis
Jonas,Kenke
Dorian, Hübner
Leon, Kreis
Jonas,Kenke
Dorian, Hübner
Leon, Kreis
Jonas,Kenke
Dorian, Hübner
Leon, Kreis
Jonas,Kenke
Dorian, Hübner
Leon, Kreis
Jonas,Kenke
Dorian, Hübner
Leon, Kreis
Jonas,Kenke
Dorian, Hübner
Leon, Kreis
Jonas,Kenke
Dorian, Hübner
Leon, Kreis
Jonas,Kenke
Dorian, Hübner
Leon, Kreis
Jonas,Kenke
Dorian, Hübner
Leon, Kreis
Jonas,Kenke
Dorian, Hübner
Leon, Kreis
Jonas,Kenke
Dorian, Hübner
Leon, Kreis
Jonas,Kenke
Dorian, Hübner
Leon, Kreis
Jonas,Kenke
Dorian, Hübner
Leon, Kreis
Jonas,Kenke
Dorian, Hübner
Leon, Kreis
Jonas,Kenke
Dorian, Hübner
Leon, Kreis
Jonas,Kenke
Dorian, Hübner
Leon, Kreis
Jonas,Kenke
Dorian, Hübner
Leon, Kreis
Jonas,Kenke
Dorian, Hübner
Leon, Kreis
Jonas,Kenke
Dorian, Hübner
Leon, Kreis
Jonas,Kenke
Dorian, Hübner
Leon, Kreis
Jonas,Kenke
Dorian, Hübner
Leon, Kreis
Jonas,Kenke
Dorian, Hübner
Leon, Kreis
Jonas,Kenke
Dorian, Hübner
Leon, Kreis
Jonas,Kenke
Dorian, Hübner
Leon, Kreis
Jonas,Kenke
Dorian, Hübner
Leon, Kreis
Jonas,Kenke
Dorian, Hübner
Leon, Kreis
Jonas,Kenke
Dorian, Hübner
Leon, Kreis
Jonas,Kenke
Dorian, Hübner
Leon, Kreis
Jonas,Kenke
Dorian, Hübner
Leon, Kreis
Jonas,Kenke
Dorian, Hübner
Leon, Kreis
Jonas,Kenke
Dorian, Hübner
Leon, Kreis
Jonas,Kenke
Dorian, Hübner
Leon, Kreis
Jonas,Kenke
Dorian, Hübner
Leon, Kreis
Jonas,Kenke
Dorian, Hübner
Leon, Kreis
Jonas,Kenke
Dorian, Hübner
Leon, Kreis
Jonas,Kenke
Dorian, Hübner
Leon, Kreis
Jonas,Kenke
Dorian, Hübner
Leon, Kreis
Jonas,Kenke
Dorian, Hübner
Leon, Kreis
Jonas,Kenke
Dorian, Hübner
Leon, Kreis
Jonas,Kenke
Dorian, Hübner
Leon, Kreis
Jonas,Kenke
Dorian, Hübner
Leon, Kreis
Jonas,Kenke
Dorian, Hübner
Leon, Kreis
Jonas,Kenke
Dorian, Hübner
Leon, Kreis
Jonas,Kenke
Dorian, Hübner
Leon, Kreis
Jonas,Kenke
Dorian, Hübner
Leon, Kreis
Jonas,Kenke
Dorian, Hübner
Leon, Kreis
Jonas,Kenke
Dorian, Hübner
Leon, Kreis
Jonas,Kenke
Dorian, Hübner
Leon, Kreis
Jonas,Kenke
Dorian, Hübner
Leon, Kreis
Jonas,Kenke
Dorian, Hübner
Leon, Kreis
Jonas,Kenke
Dorian, Hübner
Leon, Kreis
Jonas,Kenke
Dorian, Hübner
Leon, Kreis
Jonas,Kenke
Dorian, Hübner
Leon, Kreis
Jonas,Kenke
Dorian, Hübner
Leon, Kreis
Jonas,Kenke
Dorian, Hübner
Leon, Kreis
Jonas,Kenke
Dorian, Hübner
Leon, Kreis
Jonas,Kenke
Dorian, Hübner
Leon, Kreis
Jonas,Kenke
Dorian, Hübner
Leon, Kreis
Jonas,Kenke
Dorian, Hübner
Leon, Kreis
Jonas,Kenke
Dorian, Hübner
Leon, Kreis
Jonas,Kenke
Dorian, Hübner
Leon, Kreis
Jonas,Kenke
Dorian, Hübner
Leon, Kreis
Jonas,Kenke
Dorian, Hübner
Leon, Kreis
Jonas,Kenke
Dorian, Hübner
Leon, Kreis
Jonas,Kenke
Dorian, Hübner
Leon, Kreis
Jonas,Kenke
Dorian, Hübner
Leon, Kreis
Jonas,Kenke
Dorian, Hübner
Leon, Kreis
Jonas,Kenke
Dorian, Hübner
Leon, Kreis
Jonas,Kenke
Dorian, Hübner
Leon, Kreis
Jonas,Kenke
Dorian, Hübner
Leon, Kreis
Jonas,Kenke
Dorian, Hübner
Leon, Kreis
Jonas,Kenke
Dorian, Hübner
Leon, Kreis
Jonas,Kenke
Dorian, Hübner
Leon, Kreis
Jonas,Kenke
Dorian, Hübner
Leon, Kreis
Jonas,Kenke
Dorian, Hübner
Leon, Kreis
Jonas,Kenke
Dorian, Hübner
Leon, Kreis
Jonas,Kenke
Dorian, Hübner
Leon, Kreis
Jonas,Kenke
Dorian, Hübner
Leon, Kreis
Jonas,Kenke
Dorian, Hübner
Leon, Kreis
Jonas,Kenke
Dorian, Hübner
Leon, Kreis
Jonas,Kenke
Dorian, Hübner
Leon, Kreis
Jonas,Kenke
Dorian, Hübner
Leon, Kreis
Jonas,Kenke
Dorian, Hübner
Leon, Kreis
Jonas,Kenke
Dorian, Hübner
Leon, Kreis
Jonas,Kenke
Dorian, Hübner
Leon, Kreis
Jonas,Kenke
Dorian, Hübner
Leon, Kreis
Jonas,Kenke
Dorian, Hübner
Leon, Kreis
Jonas,Kenke
Dorian, Hübner
Leon, Kreis
Jonas,Kenke
Dorian, Hübner
Leon, Kreis
Jonas,Kenke
Dorian, Hübner
Leon, Kreis
Jonas,Kenke
Dorian, Hübner
Leon, Kreis
Jonas,Kenke
Dorian, Hübner
Leon, Kreis
Jonas,Kenke
Dorian, Hübner
Leon, Kreis
Jonas,Kenke
Dorian, Hübner
Leon, Kreis
Jonas,Kenke
Dorian, Hübner
Leon, Kreis
Jonas,Kenke
Dorian, Hübner
Leon, Kreis
Jonas,Kenke
Dorian, Hübner
Leon, Kreis
Jonas,Kenke
Dorian, Hübner
Leon, Kreis
Jonas,Kenke
Dorian, Hübner
Leon, Kreis
Jonas,Kenke
Dorian, Hübner
Leon, Kreis
Jonas,Kenke
Dorian, Hübner
Leon, Kreis
Jonas,Kenke
Dorian, Hübner
Leon, Kreis
Jonas,Kenke
Dorian, Hübner
Leon, Kreis
Jonas,Kenke
Dorian, Hübner
Leon, Kreis
Jonas,Kenke
Dorian, Hübner
Leon, Kreis
Jonas,Kenke
Dorian, Hübner
Leon, Kreis
Jonas,Kenke
Dorian, Hübner
Leon, Kreis
Jonas,Kenke
Dorian, Hübner
Leon, Kreis
Jonas,Kenke
Dorian, Hübner
Leon, Kreis
Jonas,Kenke
Dorian, Hübner
Leon, Kreis
Jonas,Kenke
Dorian, Hübner
Leon, Kreis
Jonas,Kenke
Dorian, Hübner
Leon, Kreis
Jonas,Kenke
Dorian, Hübner
Leon, Kreis
Jonas,Kenke
Dorian, Hübner
Leon, Kreis
Jonas,Kenke
Dorian, Hübner
Leon, Kreis
Jonas,Kenke
Dorian, Hübner
Leon, Kreis
Jonas,Kenke
Dorian, Hübner
Leon, Kreis
Jonas,Kenke
Dorian, Hübner
Leon, Kreis
Jonas,Kenke
Dorian, Hübner
Leon, Kreis
Jonas,Kenke
Dorian, Hübner
Leon, Kreis
Jonas,Kenke
Dorian, Hübner
Leon, Kreis
Jonas,Kenke
Dorian, Hübner
Leon, Kreis
Jonas,Kenke
Dorian, Hübner
Leon, Kreis
Jonas,Kenke
Dorian, Hübner
Leon, Kreis
Jonas,Kenke
Dorian, Hübner
Leon, Kreis
Jonas,Kenke
Dorian, Hübner
Leon, Kreis
Jonas,Kenke
Dorian, Hübner
Leon, Kreis
Jonas,Kenke
Dorian, Hübner
Leon, Kreis
Jonas,Kenke
Dorian, Hübner
Leon, Kreis
Jonas,Kenke
Dorian, Hübner
Leon, Kreis
Jonas,Kenke
Dorian, Hübner
Leon, Kreis
Jonas,Kenke
Dorian, Hübner
Leon, Kreis
Jonas,Kenke
Dorian, Hübner
Leon, Kreis
Jonas,Kenke
Dorian, Hübner
Leon, Kreis
Jonas,Kenke
Dorian, Hübner
Leon, Kreis
Jonas,Kenke
Dorian, Hübner
Leon, Kreis
Jonas,Kenke
Dorian, Hübner
Leon, Kreis
Jonas,Kenke
Dorian, Hübner
Leon, Kreis
Jonas,Kenke
Dorian, Hübner
Leon, Kreis
Jonas,Kenke
Dorian, Hübner
Leon, Kreis
Jonas,Kenke
Dorian, Hübner
Leon, Kreis
Jonas,Kenke
Dorian, Hübner
Leon, Kreis
Jonas,Kenke
Dorian, Hübner
Leon, Kreis
Jonas,Kenke
Dorian, Hübner
Leon, Kreis
Jonas,Kenke
Dorian, Hübner
Leon, Kreis
Jonas,Kenke
Dorian, Hübner
Leon, Kreis
Jonas,Kenke
Dorian, Hübner
Leon, Kreis
Jonas,Kenke
Dorian, Hübner
Leon, Kreis
Jonas,Kenke
Dorian, Hübner
Leon, Kreis
Jonas,Kenke
Dorian, Hübner
Leon, Kreis
Jonas,Kenke
Dorian, Hübner
Leon, Kreis
Jonas,Kenke
Dorian, Hübner
Leon, Kreis
Jonas,Kenke
Dorian, Hübner
Leon, Kreis
Jonas,Kenke
Dorian, Hübner
Leon, Kreis
Jonas,Kenke
Dorian, Hübner
Leon, Kreis
Jonas,Kenke
Dorian, Hübner
Leon, Kreis
Jonas,Kenke
Dorian, Hübner
Leon, Kreis
Jonas,Kenke
Dorian, Hübner
Leon, Kreis
Jonas,Kenke
Dorian, Hübner
Leon, Kreis
Jonas,Kenke
Dorian, Hübner
Leon, Kreis
Jonas,Kenke
Dorian, Hübner
Leon, Kreis
Jonas,Kenke
Dorian, Hübner
Leon, Kreis
Jonas,Kenke
Dorian, Hübner
Leon, Kreis
Jonas,Kenke
Dorian, Hübner
Leon, Kreis
Jonas,Kenke
Dorian, Hübner
Leon, Kreis
Jonas,Kenke
Dorian, Hübner
Leon, Kreis
Jonas,Kenke
Dorian, Hübner
Leon, Kreis
Jonas,Kenke
Dorian, Hübner
Leon, Kreis
Jonas,Kenke
Dorian, Hübner
Leon, Kreis
Jonas,Kenke
Dorian, Hübner
Leon, Kreis
Jonas,Kenke
Dorian, Hübner
Leon, Kreis
Jonas,Kenke
Dorian, Hübner
Leon, Kreis
Jonas,Kenke
Dorian, Hübner
Leon, Kreis
Jonas,Kenke
Dorian, Hübner
Leon, Kreis
Jonas,Kenke
Dorian, Hübner
Leon, Kreis
Jonas,Kenke
Dorian, Hübner
Leon, Kreis
Jonas,Kenke
Dorian, Hübner
Leon, Kreis
Jonas,Kenke
Dorian, Hübner
Leon, Kreis
Jonas,Kenke
Dorian, Hübner
Leon, Kreis
Jonas,Kenke
Dorian, Hübner
Leon, Kreis
Jonas,Kenke
Dorian, Hübner
Leon, Kreis
Jonas,Kenke
Dorian, Hübner
Leon, Kreis
Jonas,Kenke
Dorian, Hübner
Leon, Kreis
Jonas,Kenke
Dorian, Hübner
Leon, Kreis
Jonas,Kenke
Dorian, Hübner
Leon, Kreis
Jonas,Kenke
Dorian, Hübner
Leon, Kreis
Jonas,Kenke
Dorian, Hübner
Leon, Kreis
Jonas,Kenke
Dorian, Hübner
Leon, Kreis
Jonas,Kenke
Dorian, Hübner
Leon, Kreis
Jonas,Kenke
Dorian, Hübner
Leon, Kreis
Jonas,Kenke
Dorian, Hübner
Leon, Kreis
Jonas,Kenke
Dorian, Hübner
Leon, Kreis
Jonas,Kenke
Dorian, Hübner
Leon, Kreis
Jonas,Kenke
Dorian, Hübner
Leon, Kreis
Jonas,Kenke
Dorian, Hübner
Leon, Kreis
Jonas,Kenke
Dorian, Hübner
Leon, Kreis
Jonas,Kenke
Dorian, Hübner
Leon, Kreis
Jonas,Kenke
Dorian, Hübner
Leon, Kreis
Jonas,Kenke
Dorian, Hübner
Leon, Kreis
Jonas,Kenke
Dorian, Hübner
Leon, Kreis
Jonas,Kenke
Dorian, Hübner
Leon, Kreis
Jonas,Kenke
Dorian, Hübner
Leon, Kreis
Jonas,Kenke
Dorian, Hübner
Leon, Kreis
Jonas,Kenke
Dorian, Hübner
Leon, Kreis
Jonas,Kenke
Dorian, Hübner
Leon, Kreis
Jonas,Kenke
Dorian, Hübner
Leon, Kreis
Jonas,Kenke
Dorian, Hübner
Leon, Kreis
Jonas,Kenke
Dorian, Hübner
Leon, Kreis
Jonas,Kenke
Dorian, Hübner
Leon, Kreis
Jonas,Kenke
Dorian, Hübner
Leon, Kreis
Jonas,Kenke
Dorian, Hübner
Leon, Kreis
Jonas,Kenke
Dorian, Hübner
Leon, Kreis
Jonas,Kenke
Dorian, Hübner
Leon, Kreis
Jonas,Kenke
Dorian, Hübner
Leon, Kreis
Jonas,Kenke
Dorian, Hübner
Leon, Kreis
Jonas,Kenke
Dorian, Hübner
Leon, Kreis
Jonas,Kenke
Dorian, Hübner
Leon, Kreis
Jonas,Kenke
Dorian, Hübner
Leon, Kreis
Jonas,Kenke
Dorian, Hübner
Leon, Kreis
Jonas,Kenke
Dorian, Hübner
Leon, Kreis
Jonas,Kenke
Dorian, Hübner
Leon, Kreis
Jonas,Kenke
Dorian, Hübner
Leon, Kreis
Jonas,Kenke
Dorian, Hübner
Leon, Kreis
Jonas,Kenke
Dorian, Hübner
Leon, Kreis
Jonas,Kenke
Dorian, Hübner
Leon, Kreis
Jonas,Kenke
Dorian, Hübner
Leon, Kreis
Jonas,Kenke
Dorian, Hübner
Leon, Kreis
Jonas,Kenke
Dorian, Hübner
Leon, Kreis
Jonas,Kenke
Dorian, Hübner
Leon, Kreis
Jonas,Kenke
Dorian, Hübner
Leon, Kreis
Jonas,Kenke
Dorian, Hübner
Leon, Kreis
Jonas,Kenke
Dorian, Hübner
Leon, Kreis
Jonas,Kenke
Dorian, Hübner
Leon, Kreis
Jonas,Kenke
Dorian, Hübner
Leon, Kreis
Jonas,Kenke
Dorian, Hübner
Leon, Kreis
Jonas,Kenke
Dorian, Hübner
Leon, Kreis
Jonas,Kenke
Dorian, Hübner
Leon, Kreis
Jonas,Kenke
Dorian, Hübner
Leon, Kreis
Jonas,Kenke
Dorian, Hübner
Leon, Kreis
Jonas,Kenke
Dorian, Hübner
Leon, Kreis
Jonas,Kenke
Dorian, Hübner
Leon, Kreis
Jonas,Kenke
Dorian, Hübner
Leon, Kreis
Jonas,Kenke
Dorian, Hübner
Leon, Kreis
Jonas,Kenke
Dorian, Hübner
Leon, Kreis
Jonas,Kenke
Dorian, Hübner
Leon, Kreis
Jonas,Kenke
Dorian, Hübner
Leon, Kreis
Jonas,Kenke
Dorian, Hübner
Leon, Kreis
Jonas,Kenke
Dorian, Hübner
Leon, Kreis
Jonas,Kenke
Dorian, Hübner
Leon, Kreis
Jonas,Kenke
Dorian, Hübner
Leon, Kreis
Jonas,Kenke
Dorian, Hübner
Leon, Kreis
Jonas,Kenke
Dorian, Hübner
Leon, Kreis
Jonas,Kenke
Dorian, Hübner
Leon, Kreis
Jonas,Kenke
Dorian, Hübner
Leon, Kreis
Jonas,Kenke
Dorian, Hübner
Leon, Kreis
Jonas,Kenke
Dorian, Hübner
Leon, Kreis
Jonas,Kenke
Dorian, Hübner
Leon, Kreis
Jonas,Kenke
Dorian, Hübner
Leon, Kreis
Jonas,Kenke
Dorian, Hübner
Leon, Kreis
Jonas,Kenke
Dorian, Hübner
Leon, Kreis
Jonas,Kenke
Dorian, Hübner
Leon, Kreis
Jonas,Kenke
Dorian, Hübner
Leon, Kreis
Jonas,Kenke
Dorian, Hübner
Leon, Kreis
Jonas,Kenke
Dorian, Hübner
Leon, Kreis
Jonas,Kenke
Dorian, Hübner
Leon, Kreis
Jonas,Kenke
Dorian, Hübner
Leon, Kreis
Jonas,Kenke
Dorian, Hübner
Leon, Kreis
Jonas,Kenke
Dorian, Hübner
Leon, Kreis
Jonas,Kenke
Dorian, Hübner
Leon, Kreis
Jonas,Kenke
Dorian, Hübner
Leon, Kreis
Jonas,Kenke
Dorian, Hübner
Leon, Kreis
Jonas,Kenke
Dorian, Hübner
Leon, Kreis
Jonas,Kenke
Dorian, Hübner
Leon, Kreis
Jonas,Kenke
Dorian, Hübner
Leon, Kreis
Jonas,Kenke
Dorian, Hübner
Leon, Kreis
Jonas,Kenke
Dorian, Hübner
Leon, Kreis
Jonas,Kenke
Dorian, Hübner
Leon, Kreis
Jonas,Kenke
Dorian, Hübner
Leon, Kreis
Jonas,Kenke
Dorian, Hübner
Leon, Kreis
Jonas,Kenke
Dorian, Hübner
Leon, Kreis
Jonas,Kenke
Dorian, Hübner
Leon, Kreis
Jonas,Kenke
Dorian, Hübner
Leon, Kreis
Jonas,Kenke
Dorian, Hübner
Leon, Kreis
Jonas,Kenke
Dorian, Hübner
Leon, Kreis
Jonas,Kenke
Dorian, Hübner
Leon, Kreis
Jonas,Kenke
Dorian, Hübner
Leon, Kreis
Jonas,Kenke
Dorian, Hübner
Leon, Kreis
Jonas,Kenke
Dorian, Hübner
Leon, Kreis
Jonas,Kenke
Dorian, Hübner
Leon, Kreis
Jonas,Kenke
Dorian, Hübner
Leon, Kreis
Jonas,Kenke
Dorian, Hübner
Leon, Kreis
Jonas,Kenke
Dorian, Hübner
Leon, Kreis
Jonas,Kenke
Dorian, Hübner
Leon, Kreis
Jonas,Kenke
Dorian, Hübner
Leon, Kreis
Jonas,Kenke
Dorian, Hübner
Leon, Kreis
Jonas,Kenke
Dorian, Hübner
Leon, Kreis
Jonas,Kenke
Dorian, Hübner
Leon, Kreis
Jonas,Kenke
Dorian, Hübner
Leon, Kreis
Jonas,Kenke
Dorian, Hübner
Leon, Kreis
Jonas,Kenke
Dorian, Hübner
Leon, Kreis
Jonas,Kenke
Dorian, Hübner
Leon, Kreis
Jonas,Kenke
Dorian, Hübner
Leon, Kreis
Jonas,Kenke
Dorian, Hübner
Leon, Kreis
Jonas,Kenke
Dorian, Hübner
Leon, Kreis
Jonas,Kenke
Dorian, Hübner
Leon, Kreis
Jonas,Kenke
Dorian, Hübner
Leon, Kreis
Jonas,Kenke
Dorian, Hübner
Leon, Kreis
Jonas,Kenke
Dorian, Hübner
Leon, Kreis
Jonas,Kenke
Dorian, Hübner
Leon, Kreis
Jonas,Kenke
Dorian, Hübner
Leon, Kreis
Jonas,Kenke
Dorian, Hübner
Leon, Kreis
Jonas,Kenke
Dorian, Hübner
Leon, Kreis
Jonas,Kenke
Dorian, Hübner
Leon, Kreis
Jonas,Kenke
Dorian, Hübner
Leon, Kreis
Jonas,Kenke
Dorian, Hübner
Leon, Kreis
Jonas,Kenke
Dorian, Hübner
Leon, Kreis
Jonas,Kenke
Dorian, Hübner
Leon, Kreis
Jonas,Kenke
Dorian, Hübner
Leon, Kreis
Jonas,Kenke
Dorian, Hübner
Leon, Kreis
Jonas,Kenke
Dorian, Hübner
Leon, Kreis
Jonas,Kenke
Dorian, Hübner
Leon, Kreis
Jonas,Kenke
Dorian, Hübner
Leon, Kreis
Jonas,Kenke
Dorian, Hübner
Leon, Kreis
Jonas,Kenke
Dorian, Hübner
Leon, Kreis
Jonas,Kenke
Dorian, Hübner
Leon, Kreis
Jonas,Kenke
Dorian, Hübner
Leon, Kreis
Jonas,Kenke
Dorian, Hübner
Leon, Kreis
Jonas,Kenke
Dorian, Hübner
Leon, Kreis
Jonas,Kenke
Dorian, Hübner
Leon, Kreis
Jonas,Kenke
Dorian, Hübner
Leon, Kreis
Jonas,Kenke
Dorian, Hübner
Leon, Kreis
Jonas,Kenke
Dorian, Hübner
Leon, Kreis
Jonas,Kenke
Dorian, Hübner
Leon, Kreis
Jonas,Kenke
Dorian, Hübner
Leon, Kreis
Jonas,Kenke
Dorian, Hübner
Leon, Kreis
Jonas,Kenke
Dorian, Hübner
Leon, Kreis
Jonas,Kenke
Dorian, Hübner
Leon, Kreis
Jonas,Kenke
Dorian, Hübner
Leon, Kreis
Jonas,Kenke
Dorian, Hübner
Leon, Kreis
Jonas,Kenke
Dorian, Hübner
Leon, Kreis
Jonas,Kenke
Dorian, Hübner
Leon, Kreis
Jonas,Kenke
Dorian, Hübner
Leon, Kreis
Jonas,Kenke
Dorian, Hübner
Leon, Kreis
Jonas,Kenke
Dorian, Hübner
Leon, Kreis
Jonas,Kenke
Dorian, Hübner
Leon, Kreis
Jonas,Kenke
Dorian, Hübner
Leon, Kreis
Jonas,Kenke
Dorian, Hübner
Leon, Kreis
Jonas,Kenke
Dorian, Hübner
Leon, Kreis
Jonas,Kenke
Dorian, Hübner
Leon, Kreis
Jonas,Kenke
Dorian, Hübner
Leon, Kreis
Jonas,Kenke
Dorian, Hübner
Leon, Kreis
Jonas,Kenke
Dorian, Hübner
Leon, Kreis
Jonas,Kenke
Dorian, Hübner
Leon, Kreis
Jonas,Kenke
Dorian, Hübner
Leon, Kreis
Jonas,Kenke
Dorian, Hübner
Leon, Kreis
Jonas,Kenke
Dorian, Hübner
Leon, Kreis
Jonas,Kenke
Dorian, Hübner
Leon, Kreis
Jonas,Kenke
Dorian, Hübner
Leon, Kreis
Jonas,Kenke
Dorian, Hübner
Leon, Kreis
Jonas,Kenke
Dorian, Hübner
Leon, Kreis
Jonas,Kenke
Dorian, Hübner
Leon, Kreis
Jonas,Kenke
Dorian, Hübner
Leon, Kreis
Jonas,Kenke
Dorian, Hübner
Leon, Kreis
Jonas,Kenke
Dorian, Hübner
Leon, Kreis
Jonas,Kenke
Dorian, Hübner
Leon, Kreis
Jonas,Kenke
Dorian, Hübner
Leon, Kreis
Jonas,Kenke
Dorian, Hübner
Leon, Kreis
Jonas,Kenke
Dorian, Hübner
Leon, Kreis
Jonas,Kenke
Dorian, Hübner
Leon, Kreis
Jonas,Kenke
Dorian, Hübner
Leon, Kreis
Jonas,Kenke
Dorian, Hübner
Leon, Kreis
Jonas,Kenke
Dorian, Hübner
Leon, Kreis
Jonas,Kenke
Dorian, Hübner
Leon, Kreis
Jonas,Kenke
Dorian, Hübner
Leon, Kreis
Jonas,Kenke
Dorian, Hübner
Leon, Kreis
Jonas,Kenke
Dorian, Hübner
Leon, Kreis
Jonas,Kenke
Dorian, Hübner
Leon, Kreis
Jonas,Kenke
Dorian, Hübner
Leon, Kreis
Jonas,Kenke
Dorian, Hübner
Leon, Kreis
Jonas,Kenke
Dorian, Hübner
Leon, Kreis
Jonas,Kenke
Dorian, Hübner
Leon, Kreis
Jonas,Kenke
Dorian, Hübner
Leon, Kreis
Jonas,Kenke
Dorian, Hübner
Leon, Kreis
Jonas,Kenke
Dorian, Hübner
Leon, Kreis
Jonas,Kenke
Dorian, Hübner
Leon, Kreis
Jonas,Kenke
Dorian, Hübner
Leon, Kreis
Jonas,Kenke
Dorian, Hübner
Leon, Kreis
Jonas,Kenke
Dorian, Hübner
Leon, Kreis
Jonas,Kenke
Dorian, Hübner
Leon, Kreis
Jonas,Kenke
Dorian, Hübner
Leon, Kreis
Jonas,Kenke
Dorian, Hübner
Leon, Kreis
Jonas,Kenke
Dorian, Hübner
Leon, Kreis
Jonas,Kenke
Dorian, Hübner
Leon, Kreis
Jonas,Kenke
Dorian, Hübner
Leon, Kreis
Jonas,Kenke
Dorian, Hübner
Leon, Kreis
Jonas,Kenke
Dorian, Hübner
Leon, Kreis
Jonas,Kenke
Dorian, Hübner
Leon, Kreis
Jonas,Kenke
Dorian, Hübner
Leon, Kreis
Jonas,Kenke
Dorian, Hübner
Leon, Kreis
Jonas,Kenke
Dorian, Hübner
Leon, Kreis
Jonas,Kenke
Dorian, Hübner
Leon, Kreis
Jonas,Kenke
Dorian, Hübner
Leon, Kreis
Jonas,Kenke
Dorian, Hübner
Leon, Kreis
Jonas,Kenke
Dorian, Hübner
Leon, Kreis
Jonas,Kenke
Dorian, Hübner
Leon, Kreis
Jonas,Kenke
Dorian, Hübner
Leon, Kreis
Jonas,Kenke
Dorian, Hübner
Leon, Kreis
Jonas,Kenke
Dorian, Hübner
Leon, Kreis
Jonas,Kenke
Dorian, Hübner
Leon, Kreis
Jonas,Kenke
Dorian, Hübner
Leon, Kreis
Jonas,Kenke
Dorian, Hübner
Leon, Kreis
Jonas,Kenke
Dorian, Hübner
Leon, Kreis
Jonas,Kenke
Dorian, Hübner
Leon, Kreis
Jonas,Kenke
Dorian, Hübner
Leon, Kreis
Jonas,Kenke
Dorian, Hübner
Leon, Kreis
Jonas,Kenke
Dorian, Hübner
Leon, Kreis
Jonas,Kenke
Dorian, Hübner
Leon, Kreis
Jonas,Kenke
Dorian, Hübner
Leon, Kreis
Jonas,Kenke
Dorian, Hübner
Leon, Kreis
Jonas,Kenke
Dorian, Hübner
Leon, Kreis
Jonas,Kenke
Dorian, Hübner
Leon, Kreis
Jonas,Kenke
Dorian, Hübner
Leon, Kreis
Jonas,Kenke
Dorian, Hübner
Leon, Kreis
Jonas,Kenke
Dorian, Hübner
Leon, Kreis
Jonas,Kenke
Dorian, Hübner
Leon, Kreis
Jonas,Kenke
Dorian, Hübner
Leon, Kreis
Jonas,Kenke
Dorian, Hübner
Leon, Kreis
Jonas,Kenke
Dorian, Hübner
Leon, Kreis
Jonas,Kenke
Dorian, Hübner
Leon, Kreis
Jonas,Kenke
Dorian, Hübner
Leon, Kreis
Jonas,Kenke
Dorian, Hübner
Leon, Kreis
Jonas,Kenke
Dorian, Hübner
Leon, Kreis
Jonas,Kenke
Dorian, Hübner
Leon, Kreis
Jonas,Kenke
Dorian, Hübner
Leon, Kreis
Jonas,Kenke
Dorian, Hübner
Leon, Kreis
Jonas,Kenke
Dorian, Hübner
Leon, Kreis
Jonas,Kenke
Dorian, Hübner
Leon, Kreis
Jonas,Kenke
Dorian, Hübner
Leon, Kreis
Jonas,Kenke
Dorian, Hübner
Leon, Kreis
Jonas,Kenke
Dorian, Hübner
Leon, Kreis
Jonas,Kenke
Dorian, Hübner
Leon, Kreis
Jonas,Kenke
Dorian, Hübner
Leon, Kreis
Jonas,Kenke
Dorian, Hübner
Leon, Kreis
Jonas,Kenke
Dorian, Hübner
Leon, Kreis
Jonas,Kenke
Dorian, Hübner
Leon, Kreis
Jonas,Kenke
Dorian, Hübner
Leon, Kreis
Jonas,Kenke
Dorian, Hübner
Leon, Kreis
Jonas,Kenke
Dorian, Hübner
Leon, Kreis
Jonas,Kenke
Dorian, Hübner
Leon, Kreis
Jonas,Kenke
Dorian, Hübner
Leon, Kreis
Jonas,Kenke
Dorian, Hübner
Leon, Kreis
Jonas,Kenke
Dorian, Hübner
Leon, Kreis
Jonas,Kenke
Dorian, Hübner
Leon, Kreis
Jonas,Kenke
Dorian, Hübner
Leon, Kreis
Jonas,Kenke
Dorian, Hübner
Leon, Kreis
Jonas,Kenke
Dorian, Hübner
Leon, Kreis
Jonas,Kenke
Dorian, Hübner
Leon, Kreis
Jonas,Kenke
Dorian, Hübner
Leon, Kreis
Jonas,Kenke
Dorian, Hübner
Leon, Kreis
Jonas,Kenke
Dorian, Hübner
Leon, Kreis
Jonas,Kenke
Dorian, Hübner
Leon, Kreis
Jonas,Kenke
Dorian, Hübner
Leon, Kreis
Jonas,Kenke
Dorian, Hübner
Leon, Kreis
Jonas,Kenke
Dorian, Hübner
Leon, Kreis
Jonas,Kenke
Dorian, Hübner
Leon, Kreis
Jonas,Kenke
Dorian, Hübner
Leon, Kreis
Jonas,Kenke
Dorian, Hübner
Leon, Kreis
Jonas,Kenke
Dorian, Hübner
Leon, Kreis
Jonas,Kenke
Dorian, Hübner
Leon, Kreis
Jonas,Kenke
Dorian, Hübner
Leon, Kreis
Jonas,Kenke
Dorian, Hübner
Leon, Kreis
Jonas,Kenke
Dorian, Hübner
Leon, Kreis
Jonas,Kenke
Dorian, Hübner
Leon, Kreis
Jonas,Kenke
Dorian, Hübner
Leon, Kreis
Jonas,Kenke
Dorian, Hübner
Leon, Kreis
Jonas,Kenke
Dorian, Hübner
Leon, Kreis
Jonas,Kenke
Dorian, Hübner
Leon, Kreis
Jonas,Kenke
Dorian, Hübner
Leon, Kreis
Jonas,Kenke
Dorian, Hübner
Leon, Kreis
Jonas,Kenke
Dorian, Hübner
Leon, Kreis
Jonas,Kenke
Dorian, Hübner
Leon, Kreis
Jonas,Kenke
Dorian, Hübner
Leon, Kreis
Jonas,Kenke
Dorian, Hübner
Leon, Kreis
Jonas,Kenke
Dorian, Hübner
Leon, Kreis
Jonas,Kenke
Dorian, Hübner
Leon, Kreis
Jonas,Kenke
Dorian, Hübner
Leon, Kreis
Jonas,Kenke
Dorian, Hübner
Leon, Kreis
Jonas,Kenke
Dorian, Hübner
Leon, Kreis
Jonas,Kenke
Dorian, Hübner
Leon, Kreis
Jonas,Kenke
Dorian, Hübner
Leon, Kreis
Jonas,Kenke
Dorian, Hübner
Leon, Kreis
Jonas,Kenke
Dorian, Hübner
Leon, Kreis
Jonas,Kenke
Dorian, Hübner
Leon, Kreis
Jonas,Kenke
Dorian, Hübner
Leon, Kreis
Jonas,Kenke
Dorian, Hübner
Leon, Kreis
Jonas,Kenke
Dorian, Hübner
Leon, Kreis
Jonas,Kenke
Dorian, Hübner
Leon, Kreis
Jonas,Kenke
Dorian, Hübner
Leon, Kreis
Jonas,Kenke
Dorian, Hübner
Leon, Kreis
Jonas,Kenke
Dorian, Hübner
Leon, Kreis
Jonas,Kenke
Dorian, Hübner
Leon, Kreis
Jonas,Kenke
Dorian, Hübner
Leon, Kreis
Jonas,Kenke
Dorian, Hübner
Leon, Kreis
Jonas,Kenke
Dorian, Hübner
Leon, Kreis
Jonas,Kenke
Dorian, Hübner
Leon, Kreis
Jonas,Kenke
Dorian, Hübner
Leon, Kreis
Jonas,Kenke
Dorian, Hübner
Leon, Kreis
Jonas,Kenke
Dorian, Hübner
Leon, Kreis
Jonas,Kenke
Dorian, Hübner
Leon, Kreis
Jonas,Kenke
Dorian, Hübner
Leon, Kreis
Jonas,Kenke
Dorian, Hübner
Leon, Kreis
Jonas,Kenke
Dorian, Hübner
Leon, Kreis
Jonas,Kenke
Dorian, Hübner
Leon, Kreis
Jonas,Kenke
Dorian, Hübner
Leon, Kreis
Jonas,Kenke
Dorian, Hübner
Leon, Kreis
Jonas,Kenke
Dorian, Hübner
Leon, Kreis
Jonas,Kenke
Dorian, Hübner
Leon, Kreis
Jonas,Kenke
Dorian, Hübner
Leon, Kreis
Jonas,Kenke
Dorian, Hübner
Leon, Kreis
Jonas,Kenke
Dorian, Hübner
Leon, Kreis
Jonas,Kenke
Dorian, Hübner
Leon, Kreis
Jonas,Kenke
Dorian, Hübner
Leon, Kreis
Jonas,Kenke
Dorian, Hübner
Leon, Kreis
Jonas,Kenke
Dorian, Hübner
Leon, Kreis
Jonas,Kenke
Dorian, Hübner
Leon, Kreis
Jonas,Kenke
Dorian, Hübner
Leon, Kreis
Jonas,Kenke
Dorian, Hübner
Leon, Kreis
Jonas,Kenke
Dorian, Hübner
Leon, Kreis
Jonas,Kenke
Dorian, Hübner
Leon, Kreis
Jonas,Kenke
Dorian, Hübner
Leon, Kreis
Jonas,Kenke
Dorian, Hübner
Leon, Kreis
Jonas,Kenke
Dorian, Hübner
Leon, Kreis
Jonas,Kenke
Dorian, Hübner
Leon, Kreis
Jonas,Kenke
Dorian, Hübner
Leon, Kreis
Jonas,Kenke
Dorian, Hübner
Leon, Kreis
Jonas,Kenke
Dorian, Hübner
Leon, Kreis
Jonas,Kenke
Dorian, Hübner
Leon, Kreis
Jonas,Kenke
Dorian, Hübner
Leon, Kreis
Jonas,Kenke
Dorian, Hübner
Leon, Kreis
Jonas,Kenke
Dorian, Hübner
Leon, Kreis
Jonas,Kenke
Dorian, Hübner
Leon, Kreis
Jonas,Kenke
Dorian, Hübner
Leon, Kreis
Jonas,Kenke
Dorian, Hübner
Leon, Kreis
Jonas,Kenke
Dorian, Hübner
Leon, Kreis
Jonas,Kenke
Dorian, Hübner
Leon, Kreis
Jonas,Kenke
Dorian, Hübner
Leon, Kreis
Jonas,Kenke
Dorian, Hübner
Leon, Kreis
Jonas,Kenke
Dorian, Hübner
Leon, Kreis
Jonas,Kenke
Dorian, Hübner
Leon, Kreis
Jonas,Kenke
Dorian, Hübner
Leon, Kreis
Jonas,Kenke
Dorian, Hübner
Leon, Kreis
Jonas,Kenke
Dorian, Hübner
Leon, Kreis
Jonas,Kenke
Dorian, Hübner
Leon, Kreis
Jonas,Kenke
Dorian, Hübner
Leon, Kreis
Jonas,Kenke
Dorian, Hübner
Leon, Kreis
Jonas,Kenke
Dorian, Hübner
Leon, Kreis
Jonas,Kenke
Dorian, Hübner
Leon, Kreis
Jonas,Kenke
Dorian, Hübner
Leon, Kreis
Jonas,Kenke
Dorian, Hübner
Leon, Kreis
Jonas,Kenke
Dorian, Hübner
Leon, Kreis
Jonas,Kenke
Dorian, Hübner
Leon, Kreis
Jonas,Kenke
Dorian, Hübner
Leon, Kreis
Jonas,Kenke
Dorian, Hübner
Leon, Kreis
Jonas,Kenke
Dorian, Hübner
Leon, Kreis
Jonas,Kenke
Dorian, Hübner
Leon, Kreis
Jonas,Kenke
Dorian, Hübner
Leon, Kreis
Jonas,Kenke
Dorian, Hübner
Leon, Kreis
Jonas,Kenke
Dorian, Hübner
Leon, Kreis
Jonas,Kenke
Dorian, Hübner
Leon, Kreis
Jonas,Kenke
Dorian, Hübner
Leon, Kreis
Jonas,Kenke
Dorian, Hübner
Leon, Kreis
Jonas,Kenke
Dorian, Hübner
Leon, Kreis
Jonas,Kenke
Dorian, Hübner
Leon, Kreis
Jonas,Kenke
Dorian, Hübner
Leon, Kreis
Jonas,Kenke
Dorian, Hübner
Leon, Kreis
Jonas,Kenke
Dorian, Hübner
Leon, Kreis
Jonas,Kenke
Dorian, Hübner
Leon, Kreis
Jonas,Kenke
Dorian, Hübner
Leon, Kreis
Jonas,Kenke
Dorian, Hübner
Leon, Kreis
Jonas,Kenke
Dorian, Hübner
Leon, Kreis
Jonas,Kenke
Dorian, Hübner
Leon, Kreis
Jonas,Kenke
Dorian, Hübner
Leon, Kreis
Jonas,Kenke
Dorian, Hübner
Leon, Kreis
Jonas,Kenke
Dorian, Hübner
Leon, Kreis
Jonas,Kenke
Dorian, Hübner
Leon, Kreis
Jonas,Kenke
Dorian, Hübner
Leon, Kreis
Jonas,Kenke
Dorian, Hübner
Leon, Kreis
Jonas,Kenke
Dorian, Hübner
Leon, Kreis
Jonas,Kenke
Dorian, Hübner
Leon, Kreis
Jonas,Kenke
Dorian, Hübner
Leon, Kreis
Jonas,Kenke
Dorian, Hübner
Leon, Kreis
Jonas,Kenke
Dorian, Hübner
Leon, Kreis
Jonas,Kenke
Dorian, Hübner
Leon, Kreis
Jonas,Kenke
Dorian, Hübner
Leon, Kreis
Jonas,Kenke
Dorian, Hübner
Leon, Kreis
Jonas,Kenke
Dorian, Hübner
Leon, Kreis
Jonas,Kenke
Dorian, Hübner
Leon, Kreis
Jonas,Kenke
Dorian, Hübner
Leon, Kreis
Jonas,Kenke
Dorian, Hübner
Leon, Kreis
Jonas,Kenke
Dorian, Hübner
Leon, Kreis
Jonas,Kenke
Dorian, Hübner
Leon, Kreis
Jonas,Kenke
Dorian, Hübner
Leon, Kreis
Jonas,Kenke
Dorian, Hübner
Leon, Kreis
Jonas,Kenke
Dorian, Hübner
Leon, Kreis
Jonas,Kenke
Dorian, Hübner
Leon, Kreis
Jonas,Kenke
Dorian, Hübner
Leon, Kreis
Jonas,Kenke
Dorian, Hübner
Leon, Kreis
Jonas,Kenke
Dorian, Hübner
Leon, Kreis
Jonas,Kenke
Dorian, Hübner
Leon, Kreis
Jonas,Kenke
Dorian, Hübner
Leon, Kreis
Jonas,Kenke
Dorian, Hübner
Leon, Kreis
Jonas,Kenke
Dorian, Hübner
Leon, Kreis
Jonas,Kenke
Dorian, Hübner
Leon, Kreis
Jonas,Kenke
Dorian, Hübner
Leon, Kreis
Jonas,Kenke
Dorian, Hübner
Leon, Kreis
Jonas,Kenke
Dorian, Hübner
Leon, Kreis
Jonas,Kenke
Dorian, Hübner
Leon, Kreis
Jonas,Kenke
Dorian, Hübner
Leon, Kreis
Jonas,Kenke
Dorian, Hübner
Leon, Kreis
Jonas,Kenke
Dorian, Hübner
Leon, Kreis
Jonas,Kenke
Dorian, Hübner
Leon, Kreis
Jonas,Kenke
Dorian, Hübner
Leon, Kreis
Jonas,Kenke
Dorian, Hübner
Leon, Kreis
Jonas,Kenke
Dorian, Hübner
Leon, Kreis
Jonas,Kenke
Dorian, Hübner
Leon, Kreis
Jonas,Kenke
Dorian, Hübner
Leon, Kreis
Jonas,Kenke
Dorian, Hübner
Leon, Kreis
Jonas,Kenke
Dorian, Hübner
Leon, Kreis
Jonas,Kenke
Dorian, Hübner
Leon, Kreis
Jonas,Kenke
Dorian, Hübner
Leon, Kreis
Jonas,Kenke
Dorian, Hübner
Leon, Kreis
Jonas,Kenke
Dorian, Hübner
Leon, Kreis
Jonas,Kenke
Dorian, Hübner
Leon, Kreis
Jonas,Kenke
Dorian, Hübner
Leon, Kreis
Jonas,Kenke
Dorian, Hübner
Leon, Kreis
Jonas,Kenke
Dorian, Hübner
Leon, Kreis
Jonas,Kenke
Dorian, Hübner
Leon, Kreis
Jonas,Kenke
Dorian, Hübner
Leon, Kreis
Jonas,Kenke
Dorian, Hübner
Leon, Kreis
Jonas,Kenke
Dorian, Hübner
Leon, Kreis
Jonas,Kenke
Dorian, Hübner
Leon, Kreis
Jonas,Kenke
Dorian, Hübner
Leon, Kreis
Jonas,Kenke
Dorian, Hübner
Leon, Kreis
Jonas,Kenke
Dorian, Hübner
Leon, Kreis
Jonas,Kenke
Dorian, Hübner
Leon, Kreis
Jonas,Kenke
Dorian, Hübner
Leon, Kreis
Jonas,Kenke
Dorian, Hübner
Leon, Kreis
Jonas,Kenke
Dorian, Hübner
Leon, Kreis
Jonas,Kenke
Dorian, Hübner
Leon, Kreis
Jonas,Kenke
Dorian, Hübner
Leon, Kreis
Jonas,Kenke
Dorian, Hübner
Leon, Kreis
Jonas,Kenke
Dorian, Hübner
Leon, Kreis
Jonas,Kenke
Dorian, Hübner
Leon, Kreis
Jonas,Kenke
Dorian, Hübner
Leon, Kreis
Jonas,Kenke
Dorian, Hübner
Leon, Kreis
Jonas,Kenke
Dorian, Hübner
Leon, Kreis
Jonas,Kenke
Dorian, Hübner
Leon, Kreis
Jonas,Kenke
Dorian, Hübner
Leon, Kreis
Jonas,Kenke
Dorian, Hübner
Leon, Kreis
Jonas,Kenke
Dorian, Hübner
Leon, Kreis
Jonas,Kenke
Dorian, Hübner
Leon, Kreis
Jonas,Kenke
Dorian, Hübner
Leon, Kreis
Jonas,Kenke
Dorian, Hübner
Leon, Kreis
Jonas,Kenke
Dorian, Hübner
Leon, Kreis
Jonas,Kenke
Dorian, Hübner
Leon, Kreis
Jonas,Kenke
Dorian, Hübner
Leon, Kreis
Jonas,Kenke
Dorian, Hübner
Leon, Kreis
Jonas,Kenke
Dorian, Hübner
Leon, Kreis
Jonas,Kenke
Dorian, Hübner
Leon, Kreis
Jonas,Kenke
Dorian, Hübner
Leon, Kreis
Jonas,Kenke
Dorian, Hübner
Leon, Kreis
Jonas,Kenke
Dorian, Hübner
Leon, Kreis
Jonas,Kenke
Dorian, Hübner
Leon, Kreis
Jonas,Kenke
Dorian, Hübner
Leon, Kreis
Jonas,Kenke
Dorian, Hübner
Leon, Kreis
Jonas,Kenke
Dorian, Hübner
Leon, Kreis
Jonas,Kenke
Dorian, Hübner
Leon, Kreis
Jonas,Kenke
Dorian, Hübner
Leon, Kreis
Jonas,Kenke
Dorian, Hübner
Leon, Kreis
Jonas,Kenke
Dorian, Hübner
Leon, Kreis
Jonas,Kenke
Dorian, Hübner
Leon, Kreis
Jonas,Kenke
Dorian, Hübner
Leon, Kreis
Jonas,Kenke
Dorian, Hübner
Leon, Kreis
Jonas,Kenke
Dorian, Hübner
Leon, Kreis
Jonas,Kenke
Dorian, Hübner
Leon, Kreis
Jonas,Kenke
Dorian, Hübner
Leon, Kreis
Jonas,Kenke
Dorian, Hübner
Leon, Kreis
Jonas,Kenke
Dorian, Hübner
Leon, Kreis
Jonas,Kenke
Dorian, Hübner
Leon, Kreis
Jonas,Kenke
Dorian, Hübner
Leon, Kreis
Jonas,Kenke
Dorian, Hübner
Leon, Kreis
Jonas,Kenke
Dorian, Hübner
Leon, Kreis
Jonas,Kenke
Dorian, Hübner
Leon, Kreis
Jonas,Kenke
Dorian, Hübner
Leon, Kreis
Jonas,Kenke
Dorian, Hübner
Leon, Kreis
Jonas,Kenke
Dorian, Hübner
Leon, Kreis
Jonas,Kenke
Dorian, Hübner
Leon, Kreis
Jonas,Kenke
Dorian, Hübner
Leon, Kreis
Jonas,Kenke
Dorian, Hübner
Leon, Kreis
Jonas,Kenke
Dorian, Hübner
Leon, Kreis
Jonas,Kenke
Dorian, Hübner
Leon, Kreis
Jonas,Kenke
Dorian, Hübner
Leon, Kreis
Jonas,Kenke
Dorian, Hübner
Leon, Kreis
Jonas,Kenke
Dorian, Hübner
Leon, Kreis
Jonas,Kenke
Dorian, Hübner
Leon, Kreis
Jonas,Kenke
Dorian, Hübner
Leon, Kreis
Jonas,Kenke
Dorian, Hübner
Leon, Kreis
Jonas,Kenke
Dorian, Hübner
Leon, Kreis
Jonas,Kenke
Dorian, Hübner
Leon, Kreis
Jonas,Kenke
Dorian, Hübner
Leon, Kreis
Jonas,Kenke
Dorian, Hübner
Leon, Kreis
Jonas,Kenke
Dorian, Hübner
Leon, Kreis
Jonas,Kenke
Dorian, Hübner
Leon, Kreis
Jonas,Kenke
Dorian, Hübner
Leon, Kreis
Jonas,Kenke
Dorian, Hübner
Leon, Kreis
Jonas,Kenke
Dorian, Hübner
Leon, Kreis
Jonas,Kenke
Dorian, Hübner
Leon, Kreis
Jonas,Kenke
Dorian, Hübner
Leon, Kreis
Jonas,Kenke
Dorian, Hübner
Leon, Kreis
Jonas,Kenke
Dorian, Hübner
Leon, Kreis
Jonas,Kenke
Dorian, Hübner
Leon, Kreis
Jonas,Kenke
Dorian, Hübner
Leon, Kreis
Jonas,Kenke
Dorian, Hübner
Leon, Kreis
Jonas,Kenke
Dorian, Hübner
Leon, Kreis
Jonas,Kenke
Dorian, Hübner
Leon, Kreis
Jonas,Kenke
Dorian, Hübner
Leon, Kreis
Jonas,Kenke
Dorian, Hübner
Leon, Kreis
Jonas,Kenke
Dorian, Hübner
Leon, Kreis
Jonas,Kenke
Dorian, Hübner
Leon, Kreis
Jonas,Kenke
Dorian, Hübner
Leon, Kreis
Jonas,Kenke
Dorian, Hübner
Leon, Kreis
Jonas,Kenke
Dorian, Hübner
Leon, Kreis
Jonas,Kenke
Dorian, Hübner
Leon, Kreis
Jonas,Kenke
Dorian, Hübner
Leon, Kreis
Jonas,Kenke
Dorian, Hübner
Leon, Kreis
Jonas,Kenke
Dorian, Hübner
Leon, Kreis
Jonas,Kenke
Dorian, Hübner
Leon, Kreis
Jonas,Kenke
Dorian, Hübner
Leon, Kreis
Jonas,Kenke
Dorian, Hübner
Leon, Kreis
Jonas,Kenke
Dorian, Hübner
Leon, Kreis
Jonas,Kenke
Dorian, Hübner
Leon, Kreis
Jonas,Kenke
Dorian, Hübner
Leon, Kreis
Jonas,Kenke
Dorian, Hübner
Leon, Kreis
Jonas,Kenke
Dorian, Hübner
Leon, Kreis
Jonas,Kenke
Dorian, Hübner
Leon, Kreis
Jonas,Kenke
Dorian, Hübner
Leon, Kreis
Jonas,Kenke
Dorian, Hübner
Leon, Kreis
Jonas,Kenke
Dorian, Hübner
Leon, Kreis
Jonas,Kenke
Dorian, Hübner
Leon, Kreis
Jonas,Kenke
Dorian, Hübner
Leon, Kreis
Jonas,Kenke
Dorian, Hübner
Leon, Kreis
Jonas,Kenke
Dorian, Hübner
Leon, Kreis
Jonas,Kenke
Dorian, Hübner
Leon, Kreis
Jonas,Kenke
Dorian, Hübner
Leon, Kreis
Jonas,Kenke
Dorian, Hübner
Leon, Kreis
Jonas,Kenke
Dorian, Hübner
Leon, Kreis
Jonas,Kenke
Dorian, Hübner
Leon, Kreis
Jonas,Kenke
Dorian, Hübner
Leon, Kreis
Jonas,Kenke
Dorian, Hübner
Leon, Kreis
Jonas,Kenke
Dorian, Hübner
Leon, Kreis
Jonas,Kenke
Dorian, Hübner
Leon, Kreis
Jonas,Kenke
Dorian, Hübner
Leon, Kreis
Jonas,Kenke
Dorian, Hübner
Leon, Kreis
Jonas,Kenke
Dorian, Hübner
Leon, Kreis
Jonas,Kenke
Dorian, Hübner
Leon, Kreis
Jonas,Kenke
Dorian, Hübner
Leon, Kreis
Jonas,Kenke
Dorian, Hübner
Leon, Kreis
Jonas,Kenke
Dorian, Hübner
Leon, Kreis
Jonas,Kenke
Dorian, Hübner
Leon, Kreis
Jonas,Kenke
Dorian, Hübner
Leon, Kreis
Jonas,Kenke
Dorian, Hübner
Leon, Kreis
Jonas,Kenke
Dorian, Hübner
Leon, Kreis
Jonas,Kenke
Dorian, Hübner
Leon, Kreis
Jonas,Kenke
Dorian, Hübner
Leon, Kreis
Jonas,Kenke
Dorian, Hübner
Leon, Kreis
Jonas,Kenke
Dorian, Hübner
Leon, Kreis
Jonas,Kenke
Dorian, Hübner
Leon, Kreis
Jonas,Kenke
Dorian, Hübner
Leon, Kreis
Jonas,Kenke
Dorian, Hübner
Leon, Kreis
Jonas,Kenke
Dorian, Hübner
Leon, Kreis
Jonas,Kenke
Dorian, Hübner
Leon, Kreis
Jonas,Kenke
Dorian, Hübner
Leon, Kreis
Jonas,Kenke
Dorian, Hübner
Leon, Kreis
Jonas,Kenke
Dorian, Hübner
Leon, Kreis
Jonas,Kenke
Dorian, Hübner
Leon, Kreis
Jonas,Kenke
Dorian, Hübner
Leon, Kreis
Jonas,Kenke
Dorian, Hübner
Leon, Kreis
Jonas,Kenke
Dorian, Hübner
Leon, Kreis
Jonas,Kenke
Dorian, Hübner
Leon, Kreis
Jonas,Kenke
Dorian, Hübner
Leon, Kreis
Jonas,Kenke
Dorian, Hübner
Leon, Kreis
Jonas,Kenke
Dorian, Hübner
Leon, Kreis
Jonas,Kenke
Dorian, Hübner
Leon, Kreis
Jonas,Kenke
Dorian, Hübner
Leon, Kreis
Jonas,Kenke
Dorian, Hübner
Leon, Kreis
Jonas,Kenke
Dorian, Hübner
Leon, Kreis
Jonas,Kenke
Dorian, Hübner
Leon, Kreis
Jonas,Kenke
Dorian, Hübner
Leon, Kreis
Jonas,Kenke
Dorian, Hübner
Leon, Kreis
Jonas,Kenke
Dorian, Hübner
Leon, Kreis
Jonas,Kenke
Dorian, Hübner
Leon, Kreis
Jonas,Kenke
Dorian, Hübner
Leon, Kreis
Jonas,Kenke
Dorian, Hübner
Leon, Kreis
Jonas,Kenke
Dorian, Hübner
Leon, Kreis
Jonas,Kenke
Dorian, Hübner
Leon, Kreis
Jonas,Kenke
Dorian, Hübner
Leon, Kreis
Jonas,Kenke
Dorian, Hübner
Leon, Kreis
Jonas,Kenke
Dorian, Hübner
Leon, Kreis
Jonas,Kenke
Dorian, Hübner
Leon, Kreis
Jonas,Kenke
Dorian, Hübner
Leon, Kreis
Jonas,Kenke
Dorian, Hübner
Leon, Kreis
Jonas,Kenke
Dorian, Hübner
Leon, Kreis
Jonas,Kenke
Dorian, Hübner
Leon, Kreis
Jonas,Kenke
Dorian, Hübner
Leon, Kreis
Jonas,Kenke
Dorian, Hübner
Leon, Kreis
Jonas,Kenke
Dorian, Hübner
Leon, Kreis
Jonas,Kenke
Dorian, Hübner
Leon, Kreis
Jonas,Kenke
Dorian, Hübner
Leon, Kreis
Jonas,Kenke
Dorian, Hübner
Leon, Kreis
Jonas,Kenke
Dorian, Hübner
Leon, Kreis
Jonas,Kenke
Dorian, Hübner
Leon, Kreis
Jonas,Kenke
Dorian, Hübner
Leon, Kreis
Jonas,Kenke
Dorian, Hübner
Leon, Kreis
Jonas,Kenke
Dorian, Hübner
Leon, Kreis
Jonas,Kenke
Dorian, Hübner
Leon, Kreis
Jonas,Kenke
Dorian, Hübner
Leon, Kreis
Jonas,Kenke
Dorian, Hübner
Leon, Kreis
Jonas,Kenke
Dorian, Hübner
Leon, Kreis
Jonas,Kenke
Dorian, Hübner
Leon, Kreis
Jonas,Kenke
Dorian, Hübner
Leon, Kreis
Jonas,Kenke
Dorian, Hübner
Leon, Kreis
Jonas,Kenke
Dorian, Hübner
Leon, Kreis
Jonas,Kenke
Dorian, Hübner
Leon, Kreis
Jonas,Kenke
Dorian, Hübner
Leon, Kreis
Jonas,Kenke
Dorian, Hübner
Leon, Kreis
Jonas,Kenke
Dorian, Hübner
Leon, Kreis
Jonas,Kenke
Dorian, Hübner
Leon, Kreis
Jonas,Kenke
Dorian, Hübner
Leon, Kreis
Jonas,Kenke
Dorian, Hübner
Leon, Kreis
Jonas,Kenke
Dorian, Hübner
Leon, Kreis
Jonas,Kenke
Dorian, Hübner
Leon, Kreis
Jonas,Kenke
Dorian, Hübner
Leon, Kreis
Jonas,Kenke
Dorian, Hübner
Leon, Kreis
Jonas,Kenke
Dorian, Hübner
Leon, Kreis
Jonas,Kenke
Dorian, Hübner
Leon, Kreis
Jonas,Kenke
Dorian, Hübner
Leon, Kreis
Jonas,Kenke
Dorian, Hübner
Leon, Kreis
Jonas,Kenke
Dorian, Hübner
Leon, Kreis
Jonas,Kenke
Dorian, Hübner
Leon, Kreis
Jonas,Kenke
Dorian, Hübner
Leon, Kreis
Jonas,Kenke
Dorian, Hübner
Leon, Kreis
Jonas,Kenke
Dorian, Hübner
Leon, Kreis
Jonas,Kenke
Dorian, Hübner
Leon, Kreis
Jonas,Kenke
Dorian, Hübner
Leon, Kreis
Jonas,Kenke
Dorian, Hübner
Leon, Kreis
Jonas,Kenke
Dorian, Hübner
Leon, Kreis
Jonas,Kenke
Dorian, Hübner
Leon, Kreis
Jonas,Kenke
Dorian, Hübner
Leon, Kreis
Jonas,Kenke
Dorian, Hübner
Leon, Kreis
Jonas,Kenke
Dorian, Hübner
Leon, Kreis
Jonas,Kenke
Dorian, Hübner
Leon, Kreis
Jonas,Kenke
Dorian, Hübner
Leon, Kreis
Jonas,Kenke
Dorian, Hübner
Leon, Kreis
Jonas,Kenke
Dorian, Hübner
Leon, Kreis
Jonas,Kenke
Dorian, Hübner
Leon, Kreis
Jonas,Kenke
Dorian, Hübner
Leon, Kreis
Jonas,Kenke
Dorian, Hübner
Leon, Kreis
Jonas,Kenke
Dorian, Hübner
Leon, Kreis
Jonas,Kenke
Dorian, Hübner
Leon, Kreis
Jonas,Kenke
Dorian, Hübner
Leon, Kreis
Jonas,Kenke
Dorian, Hübner
Leon, Kreis
Jonas,Kenke
Dorian, Hübner
Leon, Kreis
Jonas,Kenke
Dorian, Hübner
Leon, Kreis
Jonas,Kenke
Dorian, Hübner
Leon, Kreis
Jonas,Kenke
Dorian, Hübner
Leon, Kreis
Jonas,Kenke
Dorian, Hübner
Leon, Kreis
Jonas,Kenke
Dorian, Hübner
Leon, Kreis
Jonas,Kenke
Dorian, Hübner
Leon, Kreis
Jonas,Kenke
Dorian, Hübner
Leon, Kreis
Jonas,Kenke
Dorian, Hübner
Leon, Kreis
Jonas,Kenke
Dorian, Hübner
Leon, Kreis
Jonas,Kenke
Dorian, Hübner
Leon, Kreis
Jonas,Kenke
Dorian, Hübner
Leon, Kreis
Jonas,Kenke
Dorian, Hübner
Leon, Kreis
Jonas,Kenke
Dorian, Hübner
Leon, Kreis
Jonas,Kenke
Dorian, Hübner
Leon, Kreis
Jonas,Kenke
Dorian, Hübner
Leon, Kreis
Jonas,Kenke
Dorian, Hübner
Leon, Kreis
Jonas,Kenke
Dorian, Hübner
Leon, Kreis
Jonas,Kenke
Dorian, Hübner
Leon, Kreis
Jonas,Kenke
Dorian, Hübner
Leon, Kreis
Jonas,Kenke
Dorian, Hübner
Leon, Kreis
Jonas,Kenke
Dorian, Hübner
Leon, Kreis
Jonas,Kenke
Dorian, Hübner
Leon, Kreis
Jonas,Kenke
Dorian, Hübner
Leon, Kreis
Jonas,Kenke
Dorian, Hübner
Leon, Kreis
Jonas,Kenke
Dorian, Hübner
Leon, Kreis
Jonas,Kenke
Dorian, Hübner
Leon, Kreis
Jonas,Kenke
Dorian, Hübner
Leon, Kreis
Jonas,Kenke
Dorian, Hübner
Leon, Kreis
Jonas,Kenke
Dorian, Hübner
Leon, Kreis
Jonas,Kenke
Dorian, Hübner
Leon, Kreis
Jonas,Kenke
Dorian, Hübner
Leon, Kreis
Jonas,Kenke
Dorian, Hübner
Leon, Kreis
Jonas,Kenke
Dorian, Hübner
Leon, Kreis
Jonas,Kenke
Dorian, Hübner
Leon, Kreis
Jonas,Kenke
Dorian, Hübner
Leon, Kreis
Jonas,Kenke
Dorian, Hübner
Leon, Kreis
Jonas,Kenke
Dorian, Hübner
Leon, Kreis
Jonas,Kenke
Dorian, Hübner
Leon, Kreis
Jonas,Kenke
Dorian, Hübner
Leon, Kreis
Jonas,Kenke
Dorian, Hübner
Leon, Kreis
Jonas,Kenke
Dorian, Hübner
Leon, Kreis
Jonas,Kenke
Dorian, Hübner
Leon, Kreis
Jonas,Kenke
Dorian, Hübner
Leon, Kreis
Jonas,Kenke
Dorian, Hübner
Leon, Kreis
Jonas,Kenke
Dorian, Hübner
Leon, Kreis
Jonas,Kenke
Dorian, Hübner
Leon, Kreis
Jonas,Kenke
Dorian, Hübner
Leon, Kreis
Jonas,Kenke
Dorian, Hübner
Leon, Kreis
Jonas,Kenke
Dorian, Hübner
Leon, Kreis
Jonas,Kenke
Dorian, Hübner
Leon, Kreis
Jonas,Kenke
Dorian, Hübner
Leon, Kreis
Jonas,Kenke
Dorian, Hübner
Leon, Kreis
Jonas,Kenke
Dorian, Hübner
Leon, Kreis
Jonas,Kenke
Dorian, Hübner
Leon, Kreis
Jonas,Kenke
Dorian, Hübner
Leon, Kreis
Jonas,Kenke
Dorian, Hübner
Leon, Kreis
Jonas,Kenke
Dorian, Hübner
Leon, Kreis
Jonas,Kenke
Dorian, Hübner
Leon, Kreis
Jonas,Kenke
Dorian, Hübner
Leon, Kreis
Jonas,Kenke
Dorian, Hübner
Leon, Kreis
Jonas,Kenke
Dorian, Hübner
Leon, Kreis
Jonas,Kenke
Dorian, Hübner
Leon, Kreis
Jonas,Kenke
Dorian, Hübner
Leon, Kreis
Jonas,Kenke
Dorian, Hübner
Leon, Kreis
Jonas,Kenke
Dorian, Hübner
Leon, Kreis
Jonas,Kenke
Dorian, Hübner
Leon, Kreis
Jonas,Kenke
Dorian, Hübner
Leon, Kreis
Jonas,Kenke
Dorian, Hübner
Leon, Kreis
Jonas,Kenke
Dorian, Hübner
Leon, Kreis
Jonas,Kenke
Dorian, Hübner
Leon, Kreis
Jonas,Kenke
Dorian, Hübner
Leon, Kreis
Jonas,Kenke
Dorian, Hübner
Leon, Kreis
Jonas,Kenke
Dorian, Hübner
Leon, Kreis
Jonas,Kenke
Dorian, Hübner
Leon, Kreis
Jonas,Kenke
Dorian, Hübner
Leon, Kreis
Jonas,Kenke
